6641, 44.8333, 43.1667, 143.25, 140.75
JA8/KK-001,Japan - Hokaido,Kamikawa Subprefecture,Taisetsuzan (Asahidake),2291,7516,142.8541,43.6636,142.8541,43.6636,10,3,01/07/2015,31/12/2099,0,,,Saddle-Taisetsuzan (Asahidake)(JA8/KK-001), 0.0,2290.1,141.7376667,44.87200000,http://maps.gsi.go.jp/#15/43.6636/142.8541
JA8/RM-023,Japan - Hokaido,Rumoi Subprefecture,JA8/RM-023,185,607,141.2968,44.4198,141.2968,44.4198,1,0,01/07/2015,31/12/2099,0,,,Saddle-JA8/RM-023(JA8/RM-023), 0.0,183.9,141.2945556,44.41266667,http://maps.gsi.go.jp/#15/44.4198/141.2968
U-QN03jf24,Japan - ,,U-QN03jf24,299.0,981.0,140.7725556,43.22555555,140.7725556,43.22555555,43.22555555,,,,,,,Saddle-U-QN03jf24,93.3,205.7,140.7590000,43.22533333,http://maps.gsi.go.jp/#15/43.22555555/140.7725556
JA8/SB-054,Japan - Hokaido,Shiribeshi Subprefecture,JA8/SB-054,371,1217,140.9820,43.2323,140.9820,43.2323,1,0,01/07/2015,31/12/2099,0,,,Saddle-JA8/SB-054(JA8/SB-054),111.3,259.5,140.9492222,43.21955555,http://maps.gsi.go.jp/#15/43.2323/140.9820
JA8/SB-045,Japan - Hokaido,Shiribeshi Subprefecture,JA8/SB-045,629,2064,140.9224,43.1790,140.9224,43.1790,2,0,01/07/2015,31/12/2099,0,,,Saddle-JA8/SB-045(JA8/SB-045),438.6,185.0,140.9257778,43.17366667,http://maps.gsi.go.jp/#15/43.1790/140.9224
JA8/IS-034,Japan - Hokaido,Ishikari Subprefecture,JA8/IS-034,309,1014,141.5816,43.3010,141.5816,43.3010,1,0,01/07/2015,31/12/2099,0,,,Saddle-JA8/IS-034(JA8/IS-034),82.2,226.5,141.5858889,43.33088889,http://maps.gsi.go.jp/#15/43.3010/141.5816
JA8/RM-001,Japan - Hokaido,Rumoi Subprefecture,Shokanbetsudake,1492,4895,141.5229,43.7159,141.5229,43.7159,8,3,01/07/2015,31/12/2099,0,,,Saddle-Shokanbetsudake(JA8/RM-001),101.7,1389.1,141.8600000,43.85800000,http://maps.gsi.go.jp/#15/43.7159/141.5229
JA8/RM-021,Japan - Hokaido,Rumoi Subprefecture,JA8/RM-021,321,1053,141.7947,43.8304,141.7947,43.8304,1,0,01/07/2015,31/12/2099,0,,,Saddle-JA8/RM-021(JA8/RM-021),141.2,179.9,141.7753333,43.78666667,http://maps.gsi.go.jp/#15/43.8304/141.7947
JA8/RM-020,Japan - Hokaido,Rumoi Subprefecture,JA8/RM-020,351,1152,141.7007,43.8654,141.7007,43.8654,1,0,01/07/2015,31/12/2099,0,,,Saddle-JA8/RM-020(JA8/RM-020),151.4,199.1,141.6862222,43.85700000,http://maps.gsi.go.jp/#15/43.8654/141.7007
JA8/IS-031,Japan - Hokaido,Ishikari Subprefecture,JA8/IS-031,418,1371,141.5207,43.3079,141.5207,43.3079,1,0,01/07/2015,31/12/2099,0,,,Saddle-JA8/IS-031(JA8/IS-031),173.0,243.7,141.5411111,43.37911111,http://maps.gsi.go.jp/#15/43.3079/141.5207
JA8/IS-033,Japan - Hokaido,Ishikari Subprefecture,JA8/IS-033,384,1260,141.5357,43.5895,141.5357,43.5895,1,0,01/07/2015,31/12/2099,0,,,Saddle-JA8/IS-033(JA8/IS-033),181.6,200.1,141.5520000,43.57911111,http://maps.gsi.go.jp/#15/43.5895/141.5357
JA8/SC-061,Japan - Hokaido,Sorachi Subprefecture,JA8/SC-061,414,1358,141.7403,43.7602,141.7403,43.7602,1,0,01/07/2015,31/12/2099,0,,,Saddle-JA8/SC-061(JA8/SC-061),217.1,196.2,141.7274444,43.75188889,http://maps.gsi.go.jp/#15/43.7602/141.7403
U-QN03sm28,Japan - ,,U-QN03sm28,724.5,2376.9,141.5246667,43.53444444,141.5246667,43.53444444,43.53444444,,,,,,,Saddle-U-QN03sm28,246.2,478.3,141.5595556,43.56222222,http://maps.gsi.go.jp/#15/43.53444444/141.5246667
U-QN03sm79,Japan - ,,U-QN03sm79,421.3,1382.2,141.5630000,43.54155555,141.5630000,43.54155555,43.54155555,,,,,,,Saddle-U-QN03sm79,260.8,160.5,141.5595556,43.55255555,http://maps.gsi.go.jp/#15/43.54155555/141.5630000
JA8/IS-023,Japan - Hokaido,Ishikari Subprefecture,JA8/IS-023,654,2146,141.4454,43.4573,141.4454,43.4573,4,3,01/07/2015,31/12/2099,0,,,Saddle-JA8/IS-023(JA8/IS-023),332.1,321.5,141.4457778,43.49777778,http://maps.gsi.go.jp/#15/43.4573/141.4454
JA8/IS-018,Japan - Hokaido,Ishikari Subprefecture,JA8/IS-018,693,2274,141.4270,43.5207,141.4270,43.5207,4,3,01/07/2015,31/12/2099,0,,,Saddle-JA8/IS-018(JA8/IS-018),372.7,319.6,141.4877778,43.56600000,http://maps.gsi.go.jp/#15/43.5207/141.4270
JA8/IS-019,Japan - Hokaido,Ishikari Subprefecture,JA8/IS-019,690,2264,141.4718,43.5157,141.4718,43.5157,4,3,01/07/2015,31/12/2099,0,,,Saddle-JA8/IS-019(JA8/IS-019),381.5,308.8,141.4472222,43.52933333,http://maps.gsi.go.jp/#15/43.5157/141.4718
JA8/IS-021,Japan - Hokaido,Ishikari Subprefecture,JA8/IS-021,664,2178,141.4820,43.5369,141.4820,43.5369,4,3,01/07/2015,31/12/2099,0,,,Saddle-JA8/IS-021(JA8/IS-021),491.0,172.2,141.4777778,43.52866667,http://maps.gsi.go.jp/#15/43.5369/141.4820
U-QN03sl65,Japan - ,,U-QN03sl65,672.4,2206.0,141.5558889,43.48011111,141.5558889,43.48011111,43.48011111,,,,,,,Saddle-U-QN03sl65,440.3,232.1,141.5388889,43.50722222,http://maps.gsi.go.jp/#15/43.48011111/141.5558889
(Missing)JA8/IS-020,Japan - Hokaido,Ishikari Subprefecture,JA8/IS-020,666,2185,141.5556,43.4740,141.5556,43.4740,4,3,01/07/2015,31/12/2099,0,,,Saddle-JA8/IS-020(JA8/IS-020),632.4,29.2,141.5558889,43.47711111,http://maps.gsi.go.jp/#15/43.4740/141.5556
(Missing)JA8/IS-016,Japan - Hokaido,Ishikari Subprefecture,JA8/IS-016,726,2382,141.5257,43.5362,141.5257,43.5362,4,3,01/07/2015,31/12/2099,0,,,Saddle-JA8/IS-016(JA8/IS-016),711.6, 9.1,141.5252222,43.53577778,http://maps.gsi.go.jp/#15/43.5362/141.5257
JA8/SC-058,Japan - Hokaido,Sorachi Subprefecture,JA8/SC-058,505,1657,141.7378,43.6171,141.7378,43.6171,2,0,01/07/2015,31/12/2099,0,,,Saddle-JA8/SC-058(JA8/SC-058),272.7,229.2,141.7244444,43.63033333,http://maps.gsi.go.jp/#15/43.6171/141.7378
JA8/SC-007,Japan - Hokaido,Sorachi Subprefecture,Pinneshiri,1100,3609,141.7067,43.4918,141.7067,43.4918,8,3,01/07/2015,31/12/2099,0,,,Saddle-Pinneshiri(JA8/SC-007),281.0,819.2,141.6234444,43.54322222,http://maps.gsi.go.jp/#15/43.4918/141.7067
JA8/SC-040,Japan - Hokaido,Sorachi Subprefecture,JA8/SC-040,683,2241,141.7146,43.5507,141.7146,43.5507,4,3,01/07/2015,31/12/2099,0,,,Saddle-JA8/SC-040(JA8/SC-040),421.4,260.9,141.7094444,43.53000000,http://maps.gsi.go.jp/#15/43.5507/141.7146
JA8/IS-025,Japan - Hokaido,Ishikari Subprefecture,JA8/IS-025,599,1965,141.6681,43.4595,141.6681,43.4595,2,0,01/07/2015,31/12/2099,0,,,Saddle-JA8/IS-025(JA8/IS-025),422.5,173.9,141.6731111,43.46600000,http://maps.gsi.go.jp/#15/43.4595/141.6681
U-QN03um36,Japan - ,,U-QN03um36,664.2,2179.1,141.6951111,43.52666667,141.6951111,43.52666667,43.52666667,,,,,,,Saddle-U-QN03um36,511.9,152.3,141.6902222,43.50755555,http://maps.gsi.go.jp/#15/43.52666667/141.6951111
JA8/SC-029,Japan - Hokaido,Sorachi Subprefecture,JA8/SC-029,796,2612,141.7335,43.5218,141.7335,43.5218,4,3,01/07/2015,31/12/2099,0,,,Saddle-JA8/SC-029(JA8/SC-029),583.6,207.7,141.7196667,43.50455555,http://maps.gsi.go.jp/#15/43.5218/141.7335
JA8/IS-011,Japan - Hokaido,Ishikari Subprefecture,JA8/IS-011,947,3107,141.6625,43.5005,141.6625,43.5005,6,3,01/07/2015,31/12/2099,0,,,Saddle-JA8/IS-011(JA8/IS-011),619.0,321.1,141.6914444,43.49822222,http://maps.gsi.go.jp/#15/43.5005/141.6625
JA8/SC-012,Japan - Hokaido,Sorachi Subprefecture,JA8/SC-012,971,3186,141.7219,43.4595,141.7219,43.4595,6,3,01/07/2015,31/12/2099,0,,,Saddle-JA8/SC-012(JA8/SC-012),674.5,295.8,141.7250000,43.47533333,http://maps.gsi.go.jp/#15/43.4595/141.7219
U-QN03us52,Japan - ,,U-QN03us52,574.1,1883.5,141.7100000,43.76022222,141.7100000,43.76022222,43.76022222,,,,,,,Saddle-U-QN03us52,312.1,262.0,141.6915556,43.74711111,http://maps.gsi.go.jp/#15/43.76022222/141.7100000
JA8/SC-059,Japan - Hokaido,Sorachi Subprefecture,JA8/SC-059,491,1611,141.7188,43.7953,141.7188,43.7953,1,0,01/07/2015,31/12/2099,0,,,Saddle-JA8/SC-059(JA8/SC-059),328.0,162.5,141.6976667,43.77500000,http://maps.gsi.go.jp/#15/43.7953/141.7188
(Missing)JA8/SC-052,Japan - Hokaido,Sorachi Subprefecture,JA8/SC-052,571,1873,141.7048,43.7570,141.7048,43.7570,2,0,01/07/2015,31/12/2099,0,,,Saddle-JA8/SC-052(JA8/SC-052),531.8,39.4,141.7066667,43.75788889,http://maps.gsi.go.jp/#15/43.7570/141.7048
JA8/IS-015,Japan - Hokaido,Ishikari Subprefecture,JA8/IS-015,739,2425,141.4731,43.6241,141.4731,43.6241,4,3,01/07/2015,31/12/2099,0,,,Saddle-JA8/IS-015(JA8/IS-015),431.7,306.0,141.4721111,43.63022222,http://maps.gsi.go.jp/#15/43.6241/141.4731
JA8/SC-044,Japan - Hokaido,Sorachi Subprefecture,JA8/SC-044,638,2093,141.6528,43.6114,141.6528,43.6114,2,0,01/07/2015,31/12/2099,0,,,Saddle-JA8/SC-044(JA8/SC-044),463.5,170.3,141.6327778,43.62355555,http://maps.gsi.go.jp/#15/43.6114/141.6528
JA8/SC-045,Japan - Hokaido,Sorachi Subprefecture,JA8/SC-045,627,2057,141.6283,43.6149,141.6283,43.6149,2,0,01/07/2015,31/12/2099,0,,,Saddle-JA8/SC-045(JA8/SC-045),472.0,152.0,141.6352222,43.61900000,http://maps.gsi.go.jp/#15/43.6149/141.6283
JA8/SC-037,Japan - Hokaido,Sorachi Subprefecture,JA8/SC-037,736,2415,141.7081,43.6666,141.7081,43.6666,4,3,01/07/2015,31/12/2099,0,,,Saddle-JA8/SC-037(JA8/SC-037),541.5,192.8,141.6913333,43.66255555,http://maps.gsi.go.jp/#15/43.6666/141.7081
U-QN03tp87,Japan - ,,U-QN03tp87,840.0,2755.9,141.6543333,43.65466667,141.6543333,43.65466667,43.65466667,,,,,,,Saddle-U-QN03tp87,628.7,211.3,141.6448889,43.65222222,http://maps.gsi.go.jp/#15/43.65466667/141.6543333
(Missing)JA8/SC-026,Japan - Hokaido,Sorachi Subprefecture,JA8/SC-026,833,2733,141.6598,43.6539,141.6598,43.6539,4,3,01/07/2015,31/12/2099,0,,,Saddle-JA8/SC-026(JA8/SC-026),803.0,29.7,141.6574444,43.65388889,http://maps.gsi.go.jp/#15/43.6539/141.6598
JA8/RM-005,Japan - Hokaido,Rumoi Subprefecture,JA8/RM-005,973,3192,141.4159,43.7764,141.4159,43.7764,6,3,01/07/2015,31/12/2099,0,,,Saddle-JA8/RM-005(JA8/RM-005),643.1,328.8,141.4181111,43.76333333,http://maps.gsi.go.jp/#15/43.7764/141.4159
JA8/SC-013,Japan - Hokaido,Sorachi Subprefecture,JA8/SC-013,957,3140,141.6229,43.7543,141.6229,43.7543,6,3,01/07/2015,31/12/2099,0,,,Saddle-JA8/SC-013(JA8/SC-013),693.7,274.8,141.5978889,43.74111111,http://maps.gsi.go.jp/#15/43.7543/141.6229
JA8/SC-015,Japan - Hokaido,Sorachi Subprefecture,JA8/SC-015,929,3048,141.6339,43.6470,141.6339,43.6470,6,3,01/07/2015,31/12/2099,0,,,Saddle-JA8/SC-015(JA8/SC-015),745.7,179.8,141.5927778,43.67300000,http://maps.gsi.go.jp/#15/43.6470/141.6339
U-QN03sp35,Japan - ,,U-QN03sp35,983.8,3227.7,141.5266667,43.64755555,141.5266667,43.64755555,43.64755555,,,,,,,Saddle-U-QN03sp35,821.6,162.2,141.5174444,43.66277778,http://maps.gsi.go.jp/#15/43.64755555/141.5266667
JA8/RM-003,Japan - Hokaido,Rumoi Subprefecture,JA8/RM-003,1198,3930,141.4061,43.7374,141.4061,43.7374,8,3,01/07/2015,31/12/2099,0,,,Saddle-JA8/RM-003(JA8/RM-003),857.2,341.3,141.4127778,43.71822222,http://maps.gsi.go.jp/#15/43.7374/141.4061
JA8/SC-009,Japan - Hokaido,Sorachi Subprefecture,JA8/SC-009,1060,3478,141.6445,43.7195,141.6445,43.7195,6,3,01/07/2015,31/12/2099,0,,,Saddle-JA8/SC-009(JA8/SC-009),863.3,201.9,141.5936667,43.70511111,http://maps.gsi.go.jp/#15/43.7195/141.6445
JA8/RM-002,Japan - Hokaido,Rumoi Subprefecture,JA8/RM-002,1258,4127,141.4389,43.7039,141.4389,43.7039,8,3,01/07/2015,31/12/2099,0,,,Saddle-JA8/RM-002(JA8/RM-002),953.1,300.1,141.4707778,43.69800000,http://maps.gsi.go.jp/#15/43.7039/141.4389
JA8/SC-006,Japan - Hokaido,Sorachi Subprefecture,JA8/SC-006,1296,4252,141.5530,43.6966,141.5530,43.6966,8,3,01/07/2015,31/12/2099,0,,,Saddle-JA8/SC-006(JA8/SC-006),1068.4,226.3,141.5382222,43.69833333,http://maps.gsi.go.jp/#15/43.6966/141.5530
JA8/IS-001,Japan - Hokaido,Ishikari Subprefecture,Kunbetsudake,1376,4514,141.4877,43.6847,141.4877,43.6847,8,3,01/07/2015,31/12/2099,0,,,Saddle-Kunbetsudake(JA8/IS-001),1141.5,229.8,141.5202222,43.70377778,http://maps.gsi.go.jp/#15/43.6847/141.4877
JA8/IS-002,Japan - Hokaido,Ishikari Subprefecture,JA8/IS-002,1346,4416,141.5076,43.6769,141.5076,43.6769,8,3,01/07/2015,31/12/2099,0,,,Saddle-JA8/IS-002(JA8/IS-002),1161.1,183.5,141.4988889,43.68255555,http://maps.gsi.go.jp/#15/43.6769/141.5076
JA8/RM-022,Japan - Hokaido,Rumoi Subprefecture,JA8/RM-022,270,886,141.7369,43.9349,141.7369,43.9349,1,0,01/07/2015,31/12/2099,0,,,Saddle-JA8/RM-022(JA8/RM-022),118.1,154.7,141.7542222,43.93300000,http://maps.gsi.go.jp/#15/43.9349/141.7369
JA8/SC-065,Japan - Hokaido,Sorachi Subprefecture,JA8/SC-065,314,1030,142.2227,43.4982,142.2227,43.4982,1,0,01/07/2015,31/12/2099,0,,,Saddle-JA8/SC-065(JA8/SC-065),147.9,164.9,142.2393333,43.49466667,http://maps.gsi.go.jp/#15/43.4982/142.2227
JA8/SY-012,Japan - Hokaido,Soya Subprefecture,JA8/SY-012,573,1880,142.5806,44.8130,142.5806,44.8130,2,0,01/07/2015,31/12/2099,0,,,Saddle-JA8/SY-012(JA8/SY-012),128.1,443.9,142.5423333,44.78222222,http://maps.gsi.go.jp/#15/44.8130/142.5806
JA8/SY-021,Japan - Hokaido,Soya Subprefecture,JA8/SY-021,447,1467,142.3669,44.8164,142.3669,44.8164,1,0,01/07/2015,31/12/2099,0,,,Saddle-JA8/SY-021(JA8/SY-021),137.8,308.3,142.3431111,44.80355556,http://maps.gsi.go.jp/#15/44.8164/142.3669
U-QN14hs75,Japan - ,,U-QN14hs75,357.0,1171.2,142.6446667,44.77388889,142.6446667,44.77388889,44.77388889,,,,,,,Saddle-U-QN14hs75,147.1,209.9,142.6556667,44.75800000,http://maps.gsi.go.jp/#15/44.77388889/142.6446667
JA8/SY-008,Japan - Hokaido,Soya Subprefecture,JA8/SY-008,716,2349,142.1594,44.8131,142.1594,44.8131,4,3,01/07/2015,31/12/2099,0,,,Saddle-JA8/SY-008(JA8/SY-008),161.4,550.2,142.2732222,44.82166667,http://maps.gsi.go.jp/#15/44.8131/142.1594
U-QN14cs60,Japan - ,,U-QN14cs60,453.8,1488.8,142.2228889,44.75200000,142.2228889,44.75200000,44.75200000,,,,,,,Saddle-U-QN14cs60,257.6,196.2,142.2166667,44.77011111,http://maps.gsi.go.jp/#15/44.752/142.2228889
(Missing)JA8/KK-125,Japan - Hokaido,Kamikawa Subprefecture,JA8/KK-125,443,1453,142.2213,44.7564,142.2213,44.7564,1,0,01/07/2015,31/12/2099,0,,,Saddle-JA8/KK-125(JA8/KK-125),411.5,30.9,142.2232222,44.75533333,http://maps.gsi.go.jp/#15/44.7564/142.2213
JA8/KK-113,Japan - Hokaido,Kamikawa Subprefecture,JA8/KK-113,558,1831,142.1638,44.7642,142.1638,44.7642,2,0,01/07/2015,31/12/2099,0,,,Saddle-JA8/KK-113(JA8/KK-113),342.3,213.8,142.1697778,44.78777778,http://maps.gsi.go.jp/#15/44.7642/142.1638
JA8/RM-019,Japan - Hokaido,Rumoi Subprefecture,JA8/RM-019,376,1234,141.9019,44.0737,141.9019,44.0737,1,0,01/07/2015,31/12/2099,0,,,Saddle-JA8/RM-019(JA8/RM-019),182.3,191.2,141.9001111,44.07744444,http://maps.gsi.go.jp/#15/44.0737/141.9019
JA8/KK-130,Japan - Hokaido,Kamikawa Subprefecture,JA8/KK-130,355,1165,142.2826,44.5280,142.2826,44.5280,1,0,01/07/2015,31/12/2099,0,,,Saddle-JA8/KK-130(JA8/KK-130),186.9,167.0,142.2781111,44.51233333,http://maps.gsi.go.jp/#15/44.5280/142.2826
JA8/KK-127,Japan - Hokaido,Kamikawa Subprefecture,JA8/KK-127,426,1398,142.2879,43.8269,142.2879,43.8269,1,0,01/07/2015,31/12/2099,0,,,Saddle-JA8/KK-127(JA8/KK-127),188.4,233.9,142.2875556,43.84455555,http://maps.gsi.go.jp/#15/43.8269/142.2879
JA8/SC-064,Japan - Hokaido,Sorachi Subprefecture,JA8/SC-064,361,1184,141.8885,43.1730,141.8885,43.1730,1,0,01/07/2015,31/12/2099,0,,,Saddle-JA8/SC-064(JA8/SC-064),191.2,169.2,141.8960000,43.19233333,http://maps.gsi.go.jp/#15/43.1730/141.8885
JA8/SC-060,Japan - Hokaido,Sorachi Subprefecture,JA8/SC-060,467,1532,142.0063,43.5190,142.0063,43.5190,1,0,01/07/2015,31/12/2099,0,,,Saddle-JA8/SC-060(JA8/SC-060),197.1,269.9,142.0690000,43.52544444,http://maps.gsi.go.jp/#15/43.5190/142.0063
JA8/SC-021,Japan - Hokaido,Sorachi Subprefecture,Irumukeppuyama,864,2835,142.1102,43.6292,142.1102,43.6292,6,3,01/07/2015,31/12/2099,0,,,Saddle-Irumukeppuyama(JA8/SC-021),198.9,663.3,142.2014444,43.63588889,http://maps.gsi.go.jp/#15/43.6292/142.1102
JA8/SC-063,Japan - Hokaido,Sorachi Subprefecture,JA8/SC-063,378,1240,141.9099,43.8929,141.9099,43.8929,1,0,01/07/2015,31/12/2099,0,,,Saddle-JA8/SC-063(JA8/SC-063),211.5,164.7,141.8907778,43.91344444,http://maps.gsi.go.jp/#15/43.8929/141.9099
JA8/RM-009,Japan - Hokaido,Rumoi Subprefecture,Poroshiriyama,730,2395,141.8362,43.9626,141.8362,43.9626,4,3,01/07/2015,31/12/2099,0,,,Saddle-Poroshiriyama(JA8/RM-009),217.7,512.7,141.9305556,43.96455556,http://maps.gsi.go.jp/#15/43.9626/141.8362
JA8/RM-011,Japan - Hokaido,Rumoi Subprefecture,JA8/RM-011,583,1913,141.8299,43.9860,141.8299,43.9860,2,0,01/07/2015,31/12/2099,0,,,Saddle-JA8/RM-011(JA8/RM-011),385.0,197.6,141.8420000,43.97766667,http://maps.gsi.go.jp/#15/43.9860/141.8299
JA8/KK-129,Japan - Hokaido,Kamikawa Subprefecture,JA8/KK-129,383,1257,142.2900,43.8704,142.2900,43.8704,1,0,01/07/2015,31/12/2099,0,,,Saddle-JA8/KK-129(JA8/KK-129),219.0,164.3,142.2791111,43.88155555,http://maps.gsi.go.jp/#15/43.8704/142.2900
JA8/OH-103,Japan - Hokaido,Okhotsk Subprefecture,JA8/OH-103,415,1362,143.2334,44.2803,143.2334,44.2803,1,0,01/07/2015,31/12/2099,0,,,Saddle-JA8/OH-103(JA8/OH-103),223.5,190.9,143.1688889,44.25900000,http://maps.gsi.go.jp/#15/44.2803/143.2334
JA8/SC-062,Japan - Hokaido,Sorachi Subprefecture,JA8/SC-062,382,1253,142.2253,43.5390,142.2253,43.5390,1,0,01/07/2015,31/12/2099,0,,,Saddle-JA8/SC-062(JA8/SC-062),227.8,153.8,142.2365556,43.56166667,http://maps.gsi.go.jp/#15/43.5390/142.2253
JA8/KK-119,Japan - Hokaido,Kamikawa Subprefecture,JA8/KK-119,500,1640,142.2996,44.7621,142.2996,44.7621,2,0,01/07/2015,31/12/2099,0,,,Saddle-JA8/KK-119(JA8/KK-119),231.6,267.1,142.3386667,44.70755556,http://maps.gsi.go.jp/#15/44.7621/142.2996
JA8/RM-018,Japan - Hokaido,Rumoi Subprefecture,JA8/RM-018,404,1325,141.9907,44.7853,141.9907,44.7853,1,0,01/07/2015,31/12/2099,0,,,Saddle-JA8/RM-018(JA8/RM-018),233.1,172.1,141.9895556,44.76088889,http://maps.gsi.go.jp/#15/44.7853/141.9907
JA8/OH-093,Japan - Hokaido,Okhotsk Subprefecture,JA8/OH-093,490,1608,142.7969,44.5689,142.7969,44.5689,1,0,01/07/2015,31/12/2099,0,,,Saddle-JA8/OH-093(JA8/OH-093),238.3,250.9,142.7910000,44.54577778,http://maps.gsi.go.jp/#15/44.5689/142.7969
JA8/KK-122,Japan - Hokaido,Kamikawa Subprefecture,JA8/KK-122,470,1542,142.2712,43.8949,142.2712,43.8949,1,0,01/07/2015,31/12/2099,0,,,Saddle-JA8/KK-122(JA8/KK-122),241.6,227.2,142.2795556,43.92444444,http://maps.gsi.go.jp/#15/43.8949/142.2712
U-QN04xr93,Japan - ,,U-QN04xr93,413.8,1357.6,141.9976667,44.72111111,141.9976667,44.72111111,44.72111111,,,,,,,Saddle-U-QN04xr93,253.7,160.1,141.9978889,44.66444444,http://maps.gsi.go.jp/#15/44.72111111/141.9976667
JA8/OH-104,Japan - Hokaido,Okhotsk Subprefecture,JA8/OH-104,413,1355,143.0888,44.1663,143.0888,44.1663,1,0,01/07/2015,31/12/2099,0,,,Saddle-JA8/OH-104(JA8/OH-104),257.8,152.4,143.0820000,44.15266667,http://maps.gsi.go.jp/#15/44.1663/143.0888
JA8/RM-004,Japan - Hokaido,Rumoi Subprefecture,Pisshirizan,1032,3386,142.0321,44.3556,142.0321,44.3556,6,3,01/07/2015,31/12/2099,0,,,Saddle-Pisshirizan(JA8/RM-004),261.3,770.0,142.2048889,44.23100000,http://maps.gsi.go.jp/#15/44.3556/142.0321
JA8/KK-126,Japan - Hokaido,Kamikawa Subprefecture,JA8/KK-126,433,1421,142.0826,44.6041,142.0826,44.6041,1,0,01/07/2015,31/12/2099,0,,,Saddle-JA8/KK-126(JA8/KK-126),263.8,168.8,142.0761111,44.58222222,http://maps.gsi.go.jp/#15/44.6041/142.0826
JA8/KK-123,Japan - Hokaido,Kamikawa Subprefecture,Yanisamanaidake,448,1470,142.1786,44.2826,142.1786,44.2826,1,0,01/07/2015,31/12/2099,0,,,Saddle-Yanisamanaidake(JA8/KK-123),280.8,165.1,142.2035556,44.29266667,http://maps.gsi.go.jp/#15/44.2826/142.1786
JA8/RM-013,Japan - Hokaido,Rumoi Subprefecture,JA8/RM-013,575,1886,141.9205,44.1442,141.9205,44.1442,2,0,01/07/2015,31/12/2099,0,,,Saddle-JA8/RM-013(JA8/RM-013),292.1,282.4,141.9596667,44.14477778,http://maps.gsi.go.jp/#15/44.1442/141.9205
JA8/RM-016,Japan - Hokaido,Rumoi Subprefecture,JA8/RM-016,487,1598,141.8239,44.1008,141.8239,44.1008,1,0,01/07/2015,31/12/2099,0,,,Saddle-JA8/RM-016(JA8/RM-016),312.5,168.9,141.8683333,44.10944444,http://maps.gsi.go.jp/#15/44.1008/141.8239
JA8/RM-014,Japan - Hokaido,Rumoi Subprefecture,JA8/RM-014,567,1860,141.9141,44.1193,141.9141,44.1193,2,0,01/07/2015,31/12/2099,0,,,Saddle-JA8/RM-014(JA8/RM-014),342.8,220.7,141.9317778,44.11900000,http://maps.gsi.go.jp/#15/44.1193/141.9141
JA8/RM-015,Japan - Hokaido,Rumoi Subprefecture,JA8/RM-015,550,1804,141.9913,44.5431,141.9913,44.5431,2,0,01/07/2015,31/12/2099,0,,,Saddle-JA8/RM-015(JA8/RM-015),302.9,247.3,142.0128889,44.55300000,http://maps.gsi.go.jp/#15/44.5431/141.9913
JA8/RM-017,Japan - Hokaido,Rumoi Subprefecture,JA8/RM-017,470,1542,141.9735,44.3117,141.9735,44.3117,1,0,01/07/2015,31/12/2099,0,,,Saddle-JA8/RM-017(JA8/RM-017),314.7,157.0,141.9900000,44.32088889,http://maps.gsi.go.jp/#15/44.3117/141.9735
U-QN03xw55,Japan - ,,U-QN03xw55,494.0,1620.7,141.9610000,43.93777778,141.9610000,43.93777778,43.93777778,,,,,,,Saddle-U-QN03xw55,341.6,152.4,141.9740000,43.93655556,http://maps.gsi.go.jp/#15/43.93777778/141.9610000
JA8/KK-116,Japan - Hokaido,Kamikawa Subprefecture,JA8/KK-116,534,1752,142.2247,44.6504,142.2247,44.6504,2,0,01/07/2015,31/12/2099,0,,,Saddle-JA8/KK-116(JA8/KK-116),370.8,162.9,142.2177778,44.62144444,http://maps.gsi.go.jp/#15/44.6504/142.2247
JA8/KK-088,Japan - Hokaido,Kamikawa Subprefecture,JA8/KK-088,728,2388,142.1602,44.6939,142.1602,44.6939,4,3,01/07/2015,31/12/2099,0,,,Saddle-JA8/KK-088(JA8/KK-088),378.1,342.5,142.1596667,44.65377778,http://maps.gsi.go.jp/#15/44.6939/142.1602
JA8/KK-106,Japan - Hokaido,Kamikawa Subprefecture,JA8/KK-106,605,1985,142.1497,44.6725,142.1497,44.6725,2,0,01/07/2015,31/12/2099,0,,,Saddle-JA8/KK-106(JA8/KK-106),403.3,200.8,142.1567778,44.67777778,http://maps.gsi.go.jp/#15/44.6725/142.1497
U-QN14bp75,Japan - ,,U-QN14bp75,581.3,1907.1,142.1430000,44.64866667,142.1430000,44.64866667,44.64866667,,,,,,,Saddle-U-QN14bp75,424.8,156.5,142.1511111,44.66244444,http://maps.gsi.go.jp/#15/44.64866667/142.143
U-QN14cq16,Japan - ,,U-QN14cq16,620.4,2035.4,142.1811111,44.69577778,142.1811111,44.69577778,44.69577778,,,,,,,Saddle-U-QN14cq16,452.2,168.2,142.1686667,44.69222222,http://maps.gsi.go.jp/#15/44.69577778/142.1811111
JA8/KK-049,Japan - Hokaido,Kamikawa Subprefecture,Santousan,1009,3310,142.0858,44.0915,142.0858,44.0915,6,3,01/07/2015,31/12/2099,0,,,Saddle-Santousan(JA8/KK-049),388.0,620.1,142.0577778,44.20033333,http://maps.gsi.go.jp/#15/44.0915/142.0858
JA8/SC-032,Japan - Hokaido,Sorachi Subprefecture,JA8/SC-032,776,2546,142.0288,43.9678,142.0288,43.9678,4,3,01/07/2015,31/12/2099,0,,,Saddle-JA8/SC-032(JA8/SC-032),427.6,346.0,142.0467778,44.01266667,http://maps.gsi.go.jp/#15/43.9678/142.0288
JA8/SC-050,Japan - Hokaido,Sorachi Subprefecture,JA8/SC-050,602,1975,142.0805,43.9876,142.0805,43.9876,2,0,01/07/2015,31/12/2099,0,,,Saddle-JA8/SC-050(JA8/SC-050),441.9,159.7,142.0516667,43.99555556,http://maps.gsi.go.jp/#15/43.9876/142.0805
JA8/SC-041,Japan - Hokaido,Sorachi Subprefecture,JA8/SC-041,677,2221,142.0398,43.9148,142.0398,43.9148,4,3,01/07/2015,31/12/2099,0,,,Saddle-JA8/SC-041(JA8/SC-041),460.4,215.6,142.0224444,43.94388889,http://maps.gsi.go.jp/#15/43.9148/142.0398
JA8/SC-042,Japan - Hokaido,Sorachi Subprefecture,JA8/SC-042,673,2208,142.0599,44.0119,142.0599,44.0119,4,3,01/07/2015,31/12/2099,0,,,Saddle-JA8/SC-042(JA8/SC-042),448.0,223.3,142.0546667,44.02000000,http://maps.gsi.go.jp/#15/44.0119/142.0599
JA8/KK-077,Japan - Hokaido,Kamikawa Subprefecture,JA8/KK-077,804,2638,142.0936,44.0446,142.0936,44.0446,4,3,01/07/2015,31/12/2099,0,,,Saddle-JA8/KK-077(JA8/KK-077),475.0,328.7,142.0567778,44.05355556,http://maps.gsi.go.jp/#15/44.0446/142.0936
JA8/RM-007,Japan - Hokaido,Rumoi Subprefecture,JA8/RM-007,878,2881,142.0524,44.1023,142.0524,44.1023,6,3,01/07/2015,31/12/2099,0,,,Saddle-JA8/RM-007(JA8/RM-007),686.0,186.0,142.0592222,44.10944444,http://maps.gsi.go.jp/#15/44.1023/142.0524
JA8/KK-054,Japan - Hokaido,Kamikawa Subprefecture,JA8/KK-054,980,3215,142.0723,44.1549,142.0723,44.1549,6,3,01/07/2015,31/12/2099,0,,,Saddle-JA8/KK-054(JA8/KK-054),737.4,243.5,142.0747778,44.12544444,http://maps.gsi.go.jp/#15/44.1549/142.0723
JA8/RM-010,Japan - Hokaido,Rumoi Subprefecture,JA8/RM-010,649,2129,142.0276,44.2646,142.0276,44.2646,2,0,01/07/2015,31/12/2099,0,,,Saddle-JA8/RM-010(JA8/RM-010),394.5,248.0,142.0438889,44.28900000,http://maps.gsi.go.jp/#15/44.2646/142.0276
U-QN14bf04,Japan - ,,U-QN14bf04,624.2,2047.9,142.0883333,44.22822222,142.0883333,44.22822222,44.22822222,,,,,,,Saddle-U-QN14bf04,431.7,192.5,142.0577778,44.25144444,http://maps.gsi.go.jp/#15/44.22822222/142.0883333
JA8/KK-102,Japan - Hokaido,Kamikawa Subprefecture,JA8/KK-102,624,2047,142.0852,44.2569,142.0852,44.2569,2,0,01/07/2015,31/12/2099,0,,,Saddle-JA8/KK-102(JA8/KK-102),462.2,160.9,142.0701111,44.24422222,http://maps.gsi.go.jp/#15/44.2569/142.0852
U-QN04xk98,Japan - ,,U-QN04xk98,581.2,1906.8,141.9936667,44.45100000,141.9936667,44.45100000,44.45100000,,,,,,,Saddle-U-QN04xk98,422.9,158.3,141.9861111,44.42522222,http://maps.gsi.go.jp/#15/44.45100000/141.9936667
(Missing)JA8/RM-012,Japan - Hokaido,Rumoi Subprefecture,JA8/RM-012,579,1900,141.9777,44.4484,141.9777,44.4484,2,0,01/07/2015,31/12/2099,0,,,Saddle-JA8/RM-012(JA8/RM-012),476.5,101.5,141.9836667,44.44911111,http://maps.gsi.go.jp/#15/44.4484/141.9777
JA8/KK-101,Japan - Hokaido,Kamikawa Subprefecture,JA8/KK-101,626,2054,142.3211,44.3764,142.3211,44.3764,2,0,01/07/2015,31/12/2099,0,,,Saddle-JA8/KK-101(JA8/KK-101),431.8,192.8,142.2357778,44.42400000,http://maps.gsi.go.jp/#15/44.3764/142.3211
JA8/KK-098,Japan - Hokaido,Kamikawa Subprefecture,JA8/KK-098,637,2090,142.1884,44.6050,142.1884,44.6050,2,0,01/07/2015,31/12/2099,0,,,Saddle-JA8/KK-098(JA8/KK-098),438.7,198.0,142.1843333,44.59244444,http://maps.gsi.go.jp/#15/44.6050/142.1884
JA8/RM-006,Japan - Hokaido,Rumoi Subprefecture,JA8/RM-006,896,2940,142.1120,44.4800,142.1120,44.4800,6,3,01/07/2015,31/12/2099,0,,,Saddle-JA8/RM-006(JA8/RM-006),451.9,441.9,142.0512222,44.40800000,http://maps.gsi.go.jp/#15/44.4800/142.1120
JA8/KK-093,Japan - Hokaido,Kamikawa Subprefecture,JA8/KK-093,680,2231,142.1408,44.4243,142.1408,44.4243,4,3,01/07/2015,31/12/2099,0,,,Saddle-JA8/KK-093(JA8/KK-093),506.8,176.4,142.1392222,44.44722222,http://maps.gsi.go.jp/#15/44.4243/142.1408
JA8/RM-008,Japan - Hokaido,Rumoi Subprefecture,JA8/RM-008,799,2621,142.0794,44.4301,142.0794,44.4301,4,3,01/07/2015,31/12/2099,0,,,Saddle-JA8/RM-008(JA8/RM-008),611.4,185.2,142.0862222,44.43755556,http://maps.gsi.go.jp/#15/44.4301/142.0794
JA8/KK-085,Japan - Hokaido,Kamikawa Subprefecture,JA8/KK-085,746,2448,142.1881,44.0692,142.1881,44.0692,4,3,01/07/2015,31/12/2099,0,,,Saddle-JA8/KK-085(JA8/KK-085),266.9,478.8,142.4544444,43.96655556,http://maps.gsi.go.jp/#15/44.0692/142.1881
JA8/KK-124,Japan - Hokaido,Kamikawa Subprefecture,JA8/KK-124,444,1457,142.4434,43.9812,142.4434,43.9812,1,0,01/07/2015,31/12/2099,0,,,Saddle-JA8/KK-124(JA8/KK-124),272.0,171.3,142.4348889,43.95788889,http://maps.gsi.go.jp/#15/43.9812/142.4434
JA8/KK-117,Japan - Hokaido,Kamikawa Subprefecture,JA8/KK-117,521,1709,142.4126,43.9535,142.4126,43.9535,2,0,01/07/2015,31/12/2099,0,,,Saddle-JA8/KK-117(JA8/KK-117),276.8,244.0,142.3733333,43.95800000,http://maps.gsi.go.jp/#15/43.9535/142.4126
JA8/KK-114,Japan - Hokaido,Kamikawa Subprefecture,JA8/KK-114,552,1811,142.1222,43.9326,142.1222,43.9326,2,0,01/07/2015,31/12/2099,0,,,Saddle-JA8/KK-114(JA8/KK-114),277.9,273.5,142.1343333,43.92188889,http://maps.gsi.go.jp/#15/43.9326/142.1222
U-QN13dw69,Japan - ,,U-QN13dw69,575.7,1888.8,142.3065556,43.95666667,142.3065556,43.95666667,43.95666667,,,,,,,Saddle-U-QN13dw69,308.1,267.6,142.2985556,43.94611111,http://maps.gsi.go.jp/#15/43.95666667/142.3065556
JA8/KK-109,Japan - Hokaido,Kamikawa Subprefecture,JA8/KK-109,578,1896,142.3441,43.9610,142.3441,43.9610,2,0,01/07/2015,31/12/2099,0,,,Saddle-JA8/KK-109(JA8/KK-109),311.7,262.5,142.3284444,43.95555556,http://maps.gsi.go.jp/#15/43.9610/142.3441
JA8/KK-095,Japan - Hokaido,Kamikawa Subprefecture,JA8/KK-095,654,2146,142.1493,43.9052,142.1493,43.9052,4,3,01/07/2015,31/12/2099,0,,,Saddle-JA8/KK-095(JA8/KK-095),329.2,324.3,142.2531111,43.97888889,http://maps.gsi.go.jp/#15/43.9052/142.1493
JA8/SC-048,Japan - Hokaido,Sorachi Subprefecture,JA8/SC-048,613,2011,142.2086,43.8379,142.2086,43.8379,2,0,01/07/2015,31/12/2099,0,,,Saddle-JA8/SC-048(JA8/SC-048),362.8,250.0,142.1847778,43.86800000,http://maps.gsi.go.jp/#15/43.8379/142.2086
JA8/KK-108,Japan - Hokaido,Kamikawa Subprefecture,JA8/KK-108,593,1946,142.2049,43.7617,142.2049,43.7617,2,0,01/07/2015,31/12/2099,0,,,Saddle-JA8/KK-108(JA8/KK-108),403.0,188.7,142.2373333,43.80400000,http://maps.gsi.go.jp/#15/43.7617/142.2049
JA8/KK-110,Japan - Hokaido,Kamikawa Subprefecture,JA8/KK-110,577,1893,142.1686,43.8700,142.1686,43.8700,2,0,01/07/2015,31/12/2099,0,,,Saddle-JA8/KK-110(JA8/KK-110),427.1,150.4,142.1593333,43.88322222,http://maps.gsi.go.jp/#15/43.8700/142.1686
JA8/KK-097,Japan - Hokaido,Kamikawa Subprefecture,JA8/KK-097,640,2100,142.2106,43.9491,142.2106,43.9491,2,0,01/07/2015,31/12/2099,0,,,Saddle-JA8/KK-097(JA8/KK-097),455.2,185.8,142.1622222,43.91466667,http://maps.gsi.go.jp/#15/43.9491/142.2106
U-QN13dx08,Japan - ,,U-QN13dx08,534.6,1753.9,142.2500000,43.99355556,142.2500000,43.99355556,43.99355556,,,,,,,Saddle-U-QN13dx08,341.9,192.7,142.2441111,44.00177778,http://maps.gsi.go.jp/#15/43.99355556/142.2500000
(Missing)JA8/KK-115,Japan - Hokaido,Kamikawa Subprefecture,JA8/KK-115,536,1759,142.2486,43.9832,142.2486,43.9832,2,0,01/07/2015,31/12/2099,0,,,Saddle-JA8/KK-115(JA8/KK-115),451.9,80.4,142.2442222,43.98777778,http://maps.gsi.go.jp/#15/43.9832/142.2486
JA8/KK-104,Japan - Hokaido,Kamikawa Subprefecture,JA8/KK-104,621,2037,142.1865,44.1451,142.1865,44.1451,2,0,01/07/2015,31/12/2099,0,,,Saddle-JA8/KK-104(JA8/KK-104),390.5,229.8,142.1923333,44.10688889,http://maps.gsi.go.jp/#15/44.1451/142.1865
U-QN14ca59,Japan - ,,U-QN14ca59,561.8,1843.2,142.2101111,44.03777778,142.2101111,44.03777778,44.03777778,,,,,,,Saddle-U-QN14ca59,392.7,169.1,142.1926667,44.04022222,http://maps.gsi.go.jp/#15/44.03777778/142.2101111
JA8/SC-018,Japan - Hokaido,Sorachi Subprefecture,JA8/SC-018,900,2953,142.2709,43.6065,142.2709,43.6065,6,3,01/07/2015,31/12/2099,0,,,Saddle-JA8/SC-018(JA8/SC-018),273.5,627.6,142.4743333,43.52044444,http://maps.gsi.go.jp/#15/43.6065/142.2709
JA8/SC-055,Japan - Hokaido,Sorachi Subprefecture,JA8/SC-055,537,1762,142.3543,43.4106,142.3543,43.4106,2,0,01/07/2015,31/12/2099,0,,,Saddle-JA8/SC-055(JA8/SC-055),276.6,265.9,142.3818889,43.40655555,http://maps.gsi.go.jp/#15/43.4106/142.3543
U-QN13ek32,Japan - ,,U-QN13ek32,623.7,2046.2,142.3614444,43.42888889,142.3614444,43.42888889,43.42888889,,,,,,,Saddle-U-QN13ek32,468.0,155.7,142.3676667,43.43400000,http://maps.gsi.go.jp/#15/43.42888889/142.3614444
U-QN13el21,Japan - ,,U-QN13el21,817.7,2682.7,142.3571111,43.46633333,142.3571111,43.46633333,43.46633333,,,,,,,Saddle-U-QN13el21,553.2,264.5,142.3652222,43.48222222,http://maps.gsi.go.jp/#15/43.46633333/142.3571111
JA8/KK-078,Japan - Hokaido,Kamikawa Subprefecture,JA8/KK-078,799,2621,142.2188,43.6898,142.2188,43.6898,4,3,01/07/2015,31/12/2099,0,,,Saddle-JA8/KK-078(JA8/KK-078),591.8,202.0,142.2353333,43.69366667,http://maps.gsi.go.jp/#15/43.6898/142.2188
JA8/KK-067,Japan - Hokaido,Kamikawa Subprefecture,JA8/KK-067,859,2818,142.3218,43.5443,142.3218,43.5443,6,3,01/07/2015,31/12/2099,0,,,Saddle-JA8/KK-067(JA8/KK-067),650.2,208.2,142.2991111,43.56311111,http://maps.gsi.go.jp/#15/43.5443/142.3218
JA8/SY-018,Japan - Hokaido,Soya Subprefecture,JA8/SY-018,486,1594,142.4545,44.7652,142.4545,44.7652,1,0,01/07/2015,31/12/2099,0,,,Saddle-JA8/SY-018(JA8/SY-018),275.7,209.1,142.4536667,44.75855556,http://maps.gsi.go.jp/#15/44.7652/142.4545
JA8/OH-096,Japan - Hokaido,Okhotsk Subprefecture,JA8/OH-096,451,1480,143.0915,44.1451,143.0915,44.1451,1,0,01/07/2015,31/12/2099,0,,,Saddle-JA8/OH-096(JA8/OH-096),277.5,173.4,143.0776667,44.12944444,http://maps.gsi.go.jp/#15/44.1451/143.0915
JA8/KK-042,Japan - Hokaido,Kamikawa Subprefecture,Hakodake,1129,3704,142.4121,44.6659,142.4121,44.6659,8,3,01/07/2015,31/12/2099,0,,,Saddle-Hakodake(JA8/KK-042),297.6,830.1,142.8110000,44.32833333,http://maps.gsi.go.jp/#15/44.6659/142.4121
JA8/SY-019,Japan - Hokaido,Soya Subprefecture,JA8/SY-019,473,1552,142.6272,44.6781,142.6272,44.6781,1,0,01/07/2015,31/12/2099,0,,,Saddle-JA8/SY-019(JA8/SY-019),302.0,170.8,142.6417778,44.66400000,http://maps.gsi.go.jp/#15/44.6781/142.6272
JA8/SY-015,Japan - Hokaido,Soya Subprefecture,JA8/SY-015,520,1706,142.4983,44.7437,142.4983,44.7437,2,0,01/07/2015,31/12/2099,0,,,Saddle-JA8/SY-015(JA8/SY-015),303.2,217.5,142.4822222,44.74100000,http://maps.gsi.go.jp/#15/44.7437/142.4983
JA8/SY-014,Japan - Hokaido,Soya Subprefecture,JA8/SY-014,525,1722,142.7451,44.6417,142.7451,44.6417,2,0,01/07/2015,31/12/2099,0,,,Saddle-JA8/SY-014(JA8/SY-014),310.5,214.2,142.7190000,44.63211111,http://maps.gsi.go.jp/#15/44.6417/142.7451
JA8/KK-112,Japan - Hokaido,Kamikawa Subprefecture,JA8/KK-112,560,1837,142.6351,44.3529,142.6351,44.3529,2,0,01/07/2015,31/12/2099,0,,,Saddle-JA8/KK-112(JA8/KK-112),333.3,227.2,142.6286667,44.35744444,http://maps.gsi.go.jp/#15/44.3529/142.6351
JA8/KK-058,Japan - Hokaido,Kamikawa Subprefecture,JA8/KK-058,920,3018,142.8076,44.4583,142.8076,44.4583,6,3,01/07/2015,31/12/2099,0,,,Saddle-JA8/KK-058(JA8/KK-058),337.5,579.4,142.6998889,44.47222222,http://maps.gsi.go.jp/#15/44.4583/142.8076
JA8/KK-103,Japan - Hokaido,Kamikawa Subprefecture,JA8/KK-103,622,2041,142.8129,44.3480,142.8129,44.3480,2,0,01/07/2015,31/12/2099,0,,,Saddle-JA8/KK-103(JA8/KK-103),362.1,259.2,142.8210000,44.36411111,http://maps.gsi.go.jp/#15/44.3480/142.8129
U-QN14il61,Japan - ,,U-QN14il61,628.2,2061.0,142.7185556,44.46400000,142.7185556,44.46400000,44.46400000,,,,,,,Saddle-U-QN14il61,458.5,169.7,142.7423333,44.46000000,http://maps.gsi.go.jp/#15/44.46400000/142.7185556
JA8/OH-062,Japan - Hokaido,Okhotsk Subprefecture,JA8/OH-062,742,2434,142.9153,44.4704,142.9153,44.4704,4,3,01/07/2015,31/12/2099,0,,,Saddle-JA8/OH-062(JA8/OH-062),533.1,207.1,142.8954444,44.45077778,http://maps.gsi.go.jp/#15/44.4704/142.9153
U-QN14jl22,Japan - ,,U-QN14jl22,774.6,2541.3,142.7698889,44.46911111,142.7698889,44.46911111,44.46911111,,,,,,,Saddle-U-QN14jl22,617.9,156.7,142.7857778,44.45788889,http://maps.gsi.go.jp/#15/44.46911111/142.7698889
(Missing)JA8/OH-057,Japan - Hokaido,Okhotsk Subprefecture,JA8/OH-057,771,2530,142.7666,44.4665,142.7666,44.4665,4,3,01/07/2015,31/12/2099,0,,,Saddle-JA8/OH-057(JA8/OH-057),763.0, 7.6,142.7683333,44.46788889,http://maps.gsi.go.jp/#15/44.4665/142.7666
U-QN14hk13,Japan - ,,U-QN14hk13,990.8,3250.6,142.5928889,44.43211111,142.5928889,44.43211111,44.43211111,,,,,,,Saddle-U-QN14hk13,375.2,615.6,142.5841111,44.59866667,http://maps.gsi.go.jp/#15/44.43211111/142.5928889
JA8/OH-091,Japan - Hokaido,Okhotsk Subprefecture,JA8/OH-091,535,1755,142.7429,44.5633,142.7429,44.5633,2,0,01/07/2015,31/12/2099,0,,,Saddle-JA8/OH-091(JA8/OH-091),377.2,157.4,142.7292222,44.57688889,http://maps.gsi.go.jp/#15/44.5633/142.7429
JA8/SY-003,Japan - Hokaido,Soya Subprefecture,JA8/SY-003,903,2963,142.6470,44.5900,142.6470,44.5900,6,3,01/07/2015,31/12/2099,0,,,Saddle-JA8/SY-003(JA8/SY-003),427.4,476.4,142.6451111,44.53111111,http://maps.gsi.go.jp/#15/44.5900/142.6470
JA8/OH-077,Japan - Hokaido,Okhotsk Subprefecture,JA8/OH-077,634,2080,142.7031,44.579,142.7031,44.5790,2,0,01/07/2015,31/12/2099,0,,,Saddle-JA8/OH-077(JA8/OH-077),478.5,154.9,142.6991111,44.58288889,http://maps.gsi.go.jp/#15/44.579/142.7031
JA8/OH-056,Japan - Hokaido,Okhotsk Subprefecture,JA8/OH-056,779,2556,142.6721,44.5726,142.6721,44.5726,4,3,01/07/2015,31/12/2099,0,,,Saddle-JA8/OH-056(JA8/OH-056),589.4,188.6,142.6636667,44.57311111,http://maps.gsi.go.jp/#15/44.5726/142.6721
JA8/KK-094,Japan - Hokaido,Kamikawa Subprefecture,JA8/KK-094,674,2211,142.5102,44.4158,142.5102,44.4158,4,3,01/07/2015,31/12/2099,0,,,Saddle-JA8/KK-094(JA8/KK-094),452.8,221.5,142.5198889,44.41622222,http://maps.gsi.go.jp/#15/44.4158/142.5102
U-QN14gk26,Japan - ,,U-QN14gk26,761.5,2498.3,142.5224444,44.44433333,142.5224444,44.44433333,44.44433333,,,,,,,Saddle-U-QN14gk26,567.2,194.3,142.5596667,44.44877778,http://maps.gsi.go.jp/#15/44.44433333/142.5224444
JA8/OH-037,Japan - Hokaido,Okhotsk Subprefecture,JA8/OH-037,983,3225,142.5934,44.4726,142.5934,44.4726,6,3,01/07/2015,31/12/2099,0,,,Saddle-JA8/OH-037(JA8/OH-037),758.7,224.0,142.5932222,44.45522222,http://maps.gsi.go.jp/#15/44.4726/142.5934
(Missing)JA8/KK-051,Japan - Hokaido,Kamikawa Subprefecture,JA8/KK-051,987,3238,142.5838,44.4347,142.5838,44.4347,6,3,01/07/2015,31/12/2099,0,,,Saddle-JA8/KK-051(JA8/KK-051),951.9,34.1,142.5888889,44.43222222,http://maps.gsi.go.jp/#15/44.4347/142.5838
JA8/SY-010,Japan - Hokaido,Soya Subprefecture,JA8/SY-010,682,2238,142.4509,44.7332,142.4509,44.7332,4,3,01/07/2015,31/12/2099,0,,,Saddle-JA8/SY-010(JA8/SY-010),458.4,223.1,142.4505556,44.72044444,http://maps.gsi.go.jp/#15/44.7332/142.4509
JA8/SY-005,Japan - Hokaido,Soya Subprefecture,JA8/SY-005,796,2612,142.5357,44.6194,142.5357,44.6194,4,3,01/07/2015,31/12/2099,0,,,Saddle-JA8/SY-005(JA8/SY-005),608.5,184.7,142.5215556,44.60122222,http://maps.gsi.go.jp/#15/44.6194/142.5357
JA8/KK-055,Japan - Hokaido,Kamikawa Subprefecture,JA8/KK-055,954,3130,142.4901,44.5552,142.4901,44.5552,6,3,01/07/2015,31/12/2099,0,,,Saddle-JA8/KK-055(JA8/KK-055),682.4,268.3,142.4927778,44.58555556,http://maps.gsi.go.jp/#15/44.5552/142.4901
U-QN14fq80,Japan - ,,U-QN14fq80,841.0,2759.2,142.4852222,44.66877778,142.4852222,44.66877778,44.66877778,,,,,,,Saddle-U-QN14fq80,688.7,152.3,142.4712222,44.66344444,http://maps.gsi.go.jp/#15/44.66877778/142.4852222
JA8/SY-002,Japan - Hokaido,Soya Subprefecture,JA8/SY-002,955,3133,142.4633,44.7020,142.4633,44.7020,6,3,01/07/2015,31/12/2099,0,,,Saddle-JA8/SY-002(JA8/SY-002),691.4,262.6,142.4545556,44.69622222,http://maps.gsi.go.jp/#15/44.7020/142.4633
JA8/KK-059,Japan - Hokaido,Kamikawa Subprefecture,JA8/KK-059,915,3002,142.4727,44.6116,142.4727,44.6116,6,3,01/07/2015,31/12/2099,0,,,Saddle-JA8/KK-059(JA8/KK-059),728.3,186.4,142.4450000,44.61866667,http://maps.gsi.go.jp/#15/44.6116/142.4727
JA8/KK-121,Japan - Hokaido,Kamikawa Subprefecture,JA8/KK-121,482,1581,142.5358,43.7872,142.5358,43.7872,1,0,01/07/2015,31/12/2099,0,,,Saddle-JA8/KK-121(JA8/KK-121),302.5,177.7,142.5660000,43.77488889,http://maps.gsi.go.jp/#15/43.7872/142.5358
JA8/OH-054,Japan - Hokaido,Okhotsk Subprefecture,Utsudake,818,2684,143.0825,44.2917,143.0825,44.2917,4,3,01/07/2015,31/12/2099,0,,,Saddle-Utsudake(JA8/OH-054),306.6,509.5,142.9797778,44.23266667,http://maps.gsi.go.jp/#15/44.2917/143.0825
JA8/OH-086,Japan - Hokaido,Okhotsk Subprefecture,JA8/OH-086,562,1844,143.1127,44.2395,143.1127,44.2395,2,0,01/07/2015,31/12/2099,0,,,Saddle-JA8/OH-086(JA8/OH-086),408.3,152.7,143.1118889,44.24655556,http://maps.gsi.go.jp/#15/44.2395/143.1127
JA8/OH-058,Japan - Hokaido,Okhotsk Subprefecture,JA8/OH-058,766,2513,143.0617,44.2575,143.0617,44.2575,4,3,01/07/2015,31/12/2099,0,,,Saddle-JA8/OH-058(JA8/OH-058),602.3,162.4,143.0700000,44.26166667,http://maps.gsi.go.jp/#15/44.2575/143.0617
JA8/KK-120,Japan - Hokaido,Kamikawa Subprefecture,JA8/KK-120,488,1601,142.4710,43.2136,142.4710,43.2136,1,0,01/07/2015,31/12/2099,0,,,Saddle-JA8/KK-120(JA8/KK-120),331.6,152.3,142.4842222,43.23344444,http://maps.gsi.go.jp/#15/43.2136/142.4710
JA8/SC-049,Japan - Hokaido,Sorachi Subprefecture,JA8/SC-049,610,2001,141.9671,43.2307,141.9671,43.2307,2,0,01/07/2015,31/12/2099,0,,,Saddle-JA8/SC-049(JA8/SC-049),332.8,277.4,141.9570000,43.19422222,http://maps.gsi.go.jp/#15/43.2307/141.9671
JA8/OH-092,Japan - Hokaido,Okhotsk Subprefecture,JA8/OH-092,518,1699,143.0242,44.1173,143.0242,44.1173,2,0,01/07/2015,31/12/2099,0,,,Saddle-JA8/OH-092(JA8/OH-092),336.3,174.9,143.0293333,44.11544444,http://maps.gsi.go.jp/#15/44.1173/143.0242
JA8/KK-118,Japan - Hokaido,Kamikawa Subprefecture,JA8/KK-118,516,1693,142.5515,44.1468,142.5515,44.1468,2,0,01/07/2015,31/12/2099,0,,,Saddle-JA8/KK-118(JA8/KK-118),352.9,160.1,142.5611111,44.15155556,http://maps.gsi.go.jp/#15/44.1468/142.5515
JA8/SC-056,Japan - Hokaido,Sorachi Subprefecture,JA8/SC-056,520,1706,141.9713,43.4115,141.9713,43.4115,2,0,01/07/2015,31/12/2099,0,,,Saddle-JA8/SC-056(JA8/SC-056),363.0,157.4,141.9853333,43.41211111,http://maps.gsi.go.jp/#15/43.4115/141.9713
JA8/KK-105,Japan - Hokaido,Kamikawa Subprefecture,JA8/KK-105,606,1988,142.4166,43.2655,142.4166,43.2655,2,0,01/07/2015,31/12/2099,0,,,Saddle-JA8/KK-105(JA8/KK-105),375.6,226.6,142.4922222,43.28522222,http://maps.gsi.go.jp/#15/43.2655/142.4166
JA8/KK-107,Japan - Hokaido,Kamikawa Subprefecture,JA8/KK-107,598,1962,142.7352,43.8611,142.7352,43.8611,2,0,01/07/2015,31/12/2099,0,,,Saddle-JA8/KK-107(JA8/KK-107),380.8,210.1,142.7625556,43.85644444,http://maps.gsi.go.jp/#15/43.8611/142.7352
JA8/KK-111,Japan - Hokaido,Kamikawa Subprefecture,JA8/KK-111,571,1873,142.5989,43.7208,142.5989,43.7208,2,0,01/07/2015,31/12/2099,0,,,Saddle-JA8/KK-111(JA8/KK-111),385.7,185.0,142.6230000,43.71955555,http://maps.gsi.go.jp/#15/43.7208/142.5989
JA8/SC-053,Japan - Hokaido,Sorachi Subprefecture,JA8/SC-053,566,1857,141.9687,43.3724,141.9687,43.3724,2,0,01/07/2015,31/12/2099,0,,,Saddle-JA8/SC-053(JA8/SC-053),387.4,177.0,141.9830000,43.36855555,http://maps.gsi.go.jp/#15/43.3724/141.9687
JA8/SC-051,Japan - Hokaido,Sorachi Subprefecture,JA8/SC-051,589,1932,142.1741,43.4367,142.1741,43.4367,2,0,01/07/2015,31/12/2099,0,,,Saddle-JA8/SC-051(JA8/SC-051),402.3,182.1,142.1864444,43.44000000,http://maps.gsi.go.jp/#15/43.4367/142.1741
JA8/SC-046,Japan - Hokaido,Sorachi Subprefecture,JA8/SC-046,625,2051,141.9886,43.1836,141.9886,43.1836,2,0,01/07/2015,31/12/2099,0,,,Saddle-JA8/SC-046(JA8/SC-046),426.9,196.1,142.0131111,43.17277778,http://maps.gsi.go.jp/#15/43.1836/141.9886
JA8/SC-034,Japan - Hokaido,Sorachi Subprefecture,JA8/SC-034,758,2487,142.2050,43.3980,142.2050,43.3980,4,3,01/07/2015,31/12/2099,0,,,Saddle-JA8/SC-034(JA8/SC-034),430.9,325.8,142.2327778,43.40122222,http://maps.gsi.go.jp/#15/43.3980/142.2050
U-QN14ib66,Japan - ,,U-QN14ib66,714.6,2344.5,142.7181111,44.06944444,142.7181111,44.06944444,44.06944444,,,,,,,Saddle-U-QN14ib66,432.9,281.7,142.6991111,44.04077778,http://maps.gsi.go.jp/#15/44.06944444/142.7181111
(Missing)JA8/KK-090,Japan - Hokaido,Kamikawa Subprefecture,JA8/KK-090,716,2349,142.7090,44.0715,142.7090,44.0715,4,3,01/07/2015,31/12/2099,0,,,Saddle-JA8/KK-090(JA8/KK-090),586.9,124.7,142.7143333,44.06966667,http://maps.gsi.go.jp/#15/44.0715/142.7090
JA8/KK-073,Japan - Hokaido,Kamikawa Subprefecture,JA8/KK-073,837,2746,142.5691,44.0414,142.5691,44.0414,4,3,01/07/2015,31/12/2099,0,,,Saddle-JA8/KK-073(JA8/KK-073),442.2,394.5,142.6288889,44.01800000,http://maps.gsi.go.jp/#15/44.0414/142.5691
JA8/KK-096,Japan - Hokaido,Kamikawa Subprefecture,JA8/KK-096,645,2116,142.5780,44.0941,142.5780,44.0941,2,0,01/07/2015,31/12/2099,0,,,Saddle-JA8/KK-096(JA8/KK-096),446.8,197.1,142.5791111,44.07444444,http://maps.gsi.go.jp/#15/44.0941/142.5780
JA8/KK-084,Japan - Hokaido,Kamikawa Subprefecture,JA8/KK-084,755,2477,142.5439,43.9561,142.5439,43.9561,4,3,01/07/2015,31/12/2099,0,,,Saddle-JA8/KK-084(JA8/KK-084),553.5,200.9,142.5280000,43.96966667,http://maps.gsi.go.jp/#15/43.9561/142.5439
JA8/KK-075,Japan - Hokaido,Kamikawa Subprefecture,JA8/KK-075,820,2690,142.5414,43.9803,142.5414,43.9803,4,3,01/07/2015,31/12/2099,0,,,Saddle-JA8/KK-075(JA8/KK-075),599.8,220.0,142.5328889,43.98588889,http://maps.gsi.go.jp/#15/43.9803/142.5414
JA8/KK-074,Japan - Hokaido,Kamikawa Subprefecture,JA8/KK-074,828,2717,142.5169,43.9904,142.5169,43.9904,4,3,01/07/2015,31/12/2099,0,,,Saddle-JA8/KK-074(JA8/KK-074),607.5,220.2,142.5376667,44.02644444,http://maps.gsi.go.jp/#15/43.9904/142.5169
JA8/OH-072,Japan - Hokaido,Okhotsk Subprefecture,JA8/OH-072,665,2182,142.9382,44.179,142.9382,44.1790,4,3,01/07/2015,31/12/2099,0,,,Saddle-JA8/OH-072(JA8/OH-072),442.7,218.6,142.9175556,44.19466667,http://maps.gsi.go.jp/#15/44.179/142.9382
U-QN13bi91,Japan - ,,U-QN13bi91,604.1,1981.9,142.1590000,43.33788889,142.1590000,43.33788889,43.33788889,,,,,,,Saddle-U-QN13bi91,447.7,156.4,142.1641111,43.34811111,http://maps.gsi.go.jp/#15/43.33788889/142.1590000
JA8/KK-060,Japan - Hokaido,Kamikawa Subprefecture,JA8/KK-060,914,2999,142.6363,44.1665,142.6363,44.1665,6,3,01/07/2015,31/12/2099,0,,,Saddle-JA8/KK-060(JA8/KK-060),448.2,464.3,142.6690000,44.18333333,http://maps.gsi.go.jp/#15/44.1665/142.6363
JA8/KK-092,Japan - Hokaido,Kamikawa Subprefecture,JA8/KK-092,703,2306,142.5332,44.1817,142.5332,44.1817,4,3,01/07/2015,31/12/2099,0,,,Saddle-JA8/KK-092(JA8/KK-092),508.0,194.6,142.5415556,44.19200000,http://maps.gsi.go.jp/#15/44.1817/142.5332
U-QN14ge82,Japan - ,,U-QN14ge82,789.9,2591.5,142.5726667,44.17855556,142.5726667,44.17855556,44.17855556,,,,,,,Saddle-U-QN14ge82,638.2,151.7,142.5954444,44.17455556,http://maps.gsi.go.jp/#15/44.17855556/142.5726667
JA8/OH-076,Japan - Hokaido,Okhotsk Subprefecture,JA8/OH-076,634,2080,143.218,44.0494,143.2180,44.0494,2,0,01/07/2015,31/12/2099,0,,,Saddle-JA8/OH-076(JA8/OH-076),457.5,175.4,143.2176667,44.04522222,http://maps.gsi.go.jp/#15/44.0494/143.218
U-QN14ld78,Japan - ,,U-QN14ld78,630.2,2067.6,142.9784444,44.15977778,142.9784444,44.15977778,44.15977778,,,,,,,Saddle-U-QN14ld78,461.4,168.8,142.9624444,44.11655556,http://maps.gsi.go.jp/#15/44.15977778/142.9784444
(Missing)JA8/OH-079,Japan - Hokaido,Okhotsk Subprefecture,JA8/OH-079,628,2060,142.9821,44.1594,142.9821,44.1594,2,0,01/07/2015,31/12/2099,0,,,Saddle-JA8/OH-079(JA8/OH-079),612.3,15.0,142.9801111,44.15955556,http://maps.gsi.go.jp/#15/44.1594/142.9821
JA8/SC-047,Japan - Hokaido,Sorachi Subprefecture,JA8/SC-047,622,2041,142.0207,43.4479,142.0207,43.4479,2,0,01/07/2015,31/12/2099,0,,,Saddle-JA8/SC-047(JA8/SC-047),462.0,159.8,142.0232222,43.44411111,http://maps.gsi.go.jp/#15/43.4479/142.0207
JA8/KK-068,Japan - Hokaido,Kamikawa Subprefecture,JA8/KK-068,858,2815,142.5262,43.1964,142.5262,43.1964,6,3,01/07/2015,31/12/2099,0,,,Saddle-JA8/KK-068(JA8/KK-068),478.8,373.4,142.5838889,43.19677778,http://maps.gsi.go.jp/#15/43.1964/142.5262
U-QN13ge65,Japan - ,,U-QN13ge65,790.8,2594.5,142.5527778,43.18977778,142.5527778,43.18977778,43.18977778,,,,,,,Saddle-U-QN13ge65,633.1,157.7,142.5460000,43.19044444,http://maps.gsi.go.jp/#15/43.18977778/142.5527778
JA8/OH-052,Japan - Hokaido,Okhotsk Subprefecture,JA8/OH-052,837,2746,142.9983,44.0571,142.9983,44.0571,4,3,01/07/2015,31/12/2099,0,,,Saddle-JA8/OH-052(JA8/OH-052),491.4,339.3,143.0117778,44.02755556,http://maps.gsi.go.jp/#15/44.0571/142.9983
JA8/SC-011,Japan - Hokaido,Sorachi Subprefecture,JA8/SC-011,987,3238,142.0500,43.4012,142.0500,43.4012,6,3,01/07/2015,31/12/2099,0,,,Saddle-JA8/SC-011(JA8/SC-011),501.9,484.0,142.0742222,43.28855555,http://maps.gsi.go.jp/#15/43.4012/142.0500
JA8/SC-038,Japan - Hokaido,Sorachi Subprefecture,JA8/SC-038,726,2382,142.1188,43.3241,142.1188,43.3241,4,3,01/07/2015,31/12/2099,0,,,Saddle-JA8/SC-038(JA8/SC-038),522.0,199.3,142.0871111,43.32744444,http://maps.gsi.go.jp/#15/43.3241/142.1188
JA8/SC-025,Japan - Hokaido,Sorachi Subprefecture,JA8/SC-025,849,2785,142.0586,43.3303,142.0586,43.3303,4,3,01/07/2015,31/12/2099,0,,,Saddle-JA8/SC-025(JA8/SC-025),542.4,305.4,142.0537778,43.34500000,http://maps.gsi.go.jp/#15/43.3303/142.0586
U-QN13ai26,Japan - ,,U-QN13ai26,780.3,2560.0,142.0232222,43.35877778,142.0232222,43.35877778,43.35877778,,,,,,,Saddle-U-QN13ai26,582.3,198.0,142.0337778,43.35611111,http://maps.gsi.go.jp/#15/43.35877778/142.0232222
(Missing)JA8/SC-031,Japan - Hokaido,Sorachi Subprefecture,JA8/SC-031,781,2562,142.0186,43.3556,142.0186,43.3556,4,3,01/07/2015,31/12/2099,0,,,Saddle-JA8/SC-031(JA8/SC-031),742.4,37.9,142.0210000,43.35688889,http://maps.gsi.go.jp/#15/43.3556/142.0186
U-QN13bk17,Japan - ,,U-QN13bk17,743.2,2438.3,142.0984444,43.44866667,142.0984444,43.44866667,43.44866667,,,,,,,Saddle-U-QN13bk17,588.1,155.1,142.0778889,43.44033333,http://maps.gsi.go.jp/#15/43.44866667/142.0984444
JA8/SC-030,Japan - Hokaido,Sorachi Subprefecture,JA8/SC-030,782,2566,142.1281,43.3635,142.1281,43.3635,4,3,01/07/2015,31/12/2099,0,,,Saddle-JA8/SC-030(JA8/SC-030),622.6,157.4,142.1006667,43.37977778,http://maps.gsi.go.jp/#15/43.3635/142.1281
JA8/SC-022,Japan - Hokaido,Sorachi Subprefecture,JA8/SC-022,854,2802,142.1042,43.4044,142.1042,43.4044,6,3,01/07/2015,31/12/2099,0,,,Saddle-JA8/SC-022(JA8/SC-022),637.4,215.2,142.0935556,43.39822222,http://maps.gsi.go.jp/#15/43.4044/142.1042
JA8/SC-027,Japan - Hokaido,Sorachi Subprefecture,JA8/SC-027,830,2723,142.0599,43.3586,142.0599,43.3586,4,3,01/07/2015,31/12/2099,0,,,Saddle-JA8/SC-027(JA8/SC-027),668.6,163.9,142.0605556,43.37566667,http://maps.gsi.go.jp/#15/43.3586/142.0599
JA8/KK-091,Japan - Hokaido,Kamikawa Subprefecture,JA8/KK-091,705,2313,142.6809,44.1924,142.6809,44.1924,4,3,01/07/2015,31/12/2099,0,,,Saddle-JA8/KK-091(JA8/KK-091),507.5,196.9,142.6870000,44.18700000,http://maps.gsi.go.jp/#15/44.1924/142.6809
JA8/KK-076,Japan - Hokaido,Kamikawa Subprefecture,JA8/KK-076,818,2684,142.6741,43.9260,142.6741,43.9260,4,3,01/07/2015,31/12/2099,0,,,Saddle-JA8/KK-076(JA8/KK-076),507.9,302.9,142.6893333,43.92233333,http://maps.gsi.go.jp/#15/43.9260/142.6741
JA8/OH-071,Japan - Hokaido,Okhotsk Subprefecture,JA8/OH-071,679,2228,142.9227,44.2154,142.9227,44.2154,4,3,01/07/2015,31/12/2099,0,,,Saddle-JA8/OH-071(JA8/OH-071),513.6,163.5,142.9157778,44.21966667,http://maps.gsi.go.jp/#15/44.2154/142.9227
JA8/KK-086,Japan - Hokaido,Kamikawa Subprefecture,Nisamadake,745,2444,142.7840,44.1017,142.7840,44.1017,4,3,01/07/2015,31/12/2099,0,,,Saddle-Nisamadake(JA8/KK-086),513.6,227.7,142.7966667,44.10077778,http://maps.gsi.go.jp/#15/44.1017/142.7840
JA8/KK-019,Japan - Hokaido,Kamikawa Subprefecture,Ashibetsudake,1726,5663,142.2835,43.2357,142.2835,43.2357,10,3,01/07/2015,31/12/2099,0,,,Saddle-Ashibetsudake(JA8/KK-019),517.9,1204.9,142.4006667,43.09177778,http://maps.gsi.go.jp/#15/43.2357/142.2835
JA8/SC-017,Japan - Hokaido,Sorachi Subprefecture,JA8/SC-017,906,2972,142.2899,43.3827,142.2899,43.3827,6,3,01/07/2015,31/12/2099,0,,,Saddle-JA8/SC-017(JA8/SC-017),593.0,310.2,142.2618889,43.33555555,http://maps.gsi.go.jp/#15/43.3827/142.2899
JA8/SC-019,Japan - Hokaido,Sorachi Subprefecture,JA8/SC-019,877,2877,142.2710,43.3576,142.2710,43.3576,6,3,01/07/2015,31/12/2099,0,,,Saddle-JA8/SC-019(JA8/SC-019),717.2,155.3,142.2850000,43.36388889,http://maps.gsi.go.jp/#15/43.3576/142.2710
JA8/SC-028,Japan - Hokaido,Sorachi Subprefecture,JA8/SC-028,812,2664,142.1885,43.3459,142.1885,43.3459,4,3,01/07/2015,31/12/2099,0,,,Saddle-JA8/SC-028(JA8/SC-028),602.2,209.4,142.2107778,43.34011111,http://maps.gsi.go.jp/#15/43.3459/142.1885
JA8/SC-016,Japan - Hokaido,Sorachi Subprefecture,JA8/SC-016,925,3035,142.1695,43.2901,142.1695,43.2901,6,3,01/07/2015,31/12/2099,0,,,Saddle-JA8/SC-016(JA8/SC-016),672.7,251.4,142.2226667,43.29677778,http://maps.gsi.go.jp/#15/43.2901/142.1695
JA8/SC-014,Japan - Hokaido,Sorachi Subprefecture,JA8/SC-014,929,3048,142.2034,43.3078,142.2034,43.3078,6,3,01/07/2015,31/12/2099,0,,,Saddle-JA8/SC-014(JA8/SC-014),732.1,190.8,142.1812222,43.29644444,http://maps.gsi.go.jp/#15/43.3078/142.2034
JA8/SC-008,Japan - Hokaido,Sorachi Subprefecture,Ikushyunbetsudake,1068,3504,142.1594,43.2271,142.1594,43.2271,6,3,01/07/2015,31/12/2099,0,,,Saddle-Ikushyunbetsudake(JA8/SC-008),683.0,384.4,142.2061111,43.20888889,http://maps.gsi.go.jp/#15/43.2271/142.1594
JA8/SC-010,Japan - Hokaido,Sorachi Subprefecture,JA8/SC-010,1019,3343,142.1771,43.2584,142.1771,43.2584,6,3,01/07/2015,31/12/2099,0,,,Saddle-JA8/SC-010(JA8/SC-010),702.3,315.4,142.1978889,43.26233333,http://maps.gsi.go.jp/#15/43.2584/142.1771
JA8/SC-003,Japan - Hokaido,Sorachi Subprefecture,JA8/SC-003,1415,4642,142.2540,43.1696,142.2540,43.1696,8,3,01/07/2015,31/12/2099,0,,,Saddle-JA8/SC-003(JA8/SC-003),1200.7,213.2,142.2562222,43.15944444,http://maps.gsi.go.jp/#15/43.1696/142.2540
JA8/SC-004,Japan - Hokaido,Sorachi Subprefecture,JA8/SC-004,1317,4321,142.2697,43.2891,142.2697,43.2891,8,3,01/07/2015,31/12/2099,0,,,Saddle-JA8/SC-004(JA8/SC-004),1083.0,227.5,142.2762222,43.28455555,http://maps.gsi.go.jp/#15/43.2891/142.2697
JA8/KK-030,Japan - Hokaido,Kamikawa Subprefecture,JA8/KK-030,1338,4390,142.2910,43.2971,142.2910,43.2971,8,3,01/07/2015,31/12/2099,0,,,Saddle-JA8/KK-030(JA8/KK-030),1133.7,202.8,142.2967778,43.29044444,http://maps.gsi.go.jp/#15/43.2971/142.2910
JA8/SC-002,Japan - Hokaido,Sorachi Subprefecture,JA8/SC-002,1436,4711,142.2474,43.2240,142.2474,43.2240,8,3,01/07/2015,31/12/2099,0,,,Saddle-JA8/SC-002(JA8/SC-002),1242.2,191.6,142.2521111,43.22188889,http://maps.gsi.go.jp/#15/43.2240/142.2474
JA8/SC-001,Japan - Hokaido,Sorachi Subprefecture,JA8/SC-001,1480,4856,142.2556,43.2524,142.2556,43.2524,8,3,01/07/2015,31/12/2099,0,,,Saddle-JA8/SC-001(JA8/SC-001),1267.4,225.2,142.2690000,43.25322222,http://maps.gsi.go.jp/#15/43.2524/142.2556
JA8/KK-026,Japan - Hokaido,Kamikawa Subprefecture,JA8/KK-026,1453,4767,142.2843,43.1978,142.2843,43.1978,8,3,01/07/2015,31/12/2099,0,,,Saddle-JA8/KK-026(JA8/KK-026),1282.6,169.6,142.2826667,43.20277778,http://maps.gsi.go.jp/#15/43.1978/142.2843
JA8/KK-087,Japan - Hokaido,Kamikawa Subprefecture,JA8/KK-087,731,2398,142.6905,44.2136,142.6905,44.2136,4,3,01/07/2015,31/12/2099,0,,,Saddle-JA8/KK-087(JA8/KK-087),522.3,208.5,142.7076667,44.20066667,http://maps.gsi.go.jp/#15/44.2136/142.6905
U-QN14oa77,Japan - ,,U-QN14oa77,821.2,2694.2,143.2296667,44.03111111,143.2296667,44.03111111,44.03111111,,,,,,,Saddle-U-QN14oa77,526.1,295.1,143.2136667,44.02044444,http://maps.gsi.go.jp/#15/44.03111111/143.2296667
JA8/KK-089,Japan - Hokaido,Kamikawa Subprefecture,JA8/KK-089,720,2362,142.7751,44.1220,142.7751,44.1220,4,3,01/07/2015,31/12/2099,0,,,Saddle-JA8/KK-089(JA8/KK-089),531.2,192.7,142.7916667,44.13311111,http://maps.gsi.go.jp/#15/44.1220/142.7751
U-QN14id47,Japan - ,,U-QN14id47,861.5,2826.4,142.7037778,44.15544444,142.7037778,44.15544444,44.15544444,,,,,,,Saddle-U-QN14id47,541.3,320.2,142.7110000,44.18166667,http://maps.gsi.go.jp/#15/44.15544444/142.7037778
(Missing)JA8/KK-066,Japan - Hokaido,Kamikawa Subprefecture,JA8/KK-066,861,2825,142.7022,44.1538,142.7022,44.1538,6,3,01/07/2015,31/12/2099,0,,,Saddle-JA8/KK-066(JA8/KK-066),847.2,13.6,142.7027778,44.15444444,http://maps.gsi.go.jp/#15/44.1538/142.7022
JA8/KK-063,Japan - Hokaido,Kamikawa Subprefecture,JA8/KK-063,883,2897,142.7656,44.2622,142.7656,44.2622,6,3,01/07/2015,31/12/2099,0,,,Saddle-JA8/KK-063(JA8/KK-063),542.7,339.5,142.7377778,44.23033333,http://maps.gsi.go.jp/#15/44.2622/142.7656
U-QN14ie66,Japan - ,,U-QN14ie66,704.4,2311.0,142.7168889,44.19566667,142.7168889,44.19566667,44.19566667,,,,,,,Saddle-U-QN14ie66,552.3,152.1,142.7253333,44.18855556,http://maps.gsi.go.jp/#15/44.19566667/142.7168889
JA8/KK-070,Japan - Hokaido,Kamikawa Subprefecture,JA8/KK-070,843,2766,142.5522,43.2428,142.5522,43.2428,4,3,01/07/2015,31/12/2099,0,,,Saddle-JA8/KK-070(JA8/KK-070),555.4,289.7,142.5844444,43.27355555,http://maps.gsi.go.jp/#15/43.2428/142.5522
JA8/OH-066,Japan - Hokaido,Okhotsk Subprefecture,JA8/OH-066,726,2382,143.2016,44.0271,143.2016,44.0271,4,3,01/07/2015,31/12/2099,0,,,Saddle-JA8/OH-066(JA8/OH-066),559.5,165.7,143.2002222,44.02166667,http://maps.gsi.go.jp/#15/44.0271/143.2016
JA8/OH-021,Japan - Hokaido,Okhotsk Subprefecture,Wenshiridake,1142,3747,142.8763,44.2288,142.8763,44.2288,8,3,01/07/2015,31/12/2099,0,,,Saddle-Wenshiridake(JA8/OH-021),601.5,539.4,142.8410000,44.13900000,http://maps.gsi.go.jp/#15/44.2288/142.8763
JA8/KK-050,Japan - Hokaido,Kamikawa Subprefecture,JA8/KK-050,1000,3281,142.7512,44.1377,142.7512,44.1377,6,3,01/07/2015,31/12/2099,0,,,Saddle-JA8/KK-050(JA8/KK-050),612.5,387.5,142.8045556,44.14255556,http://maps.gsi.go.jp/#15/44.1377/142.7512
JA8/KK-062,Japan - Hokaido,Kamikawa Subprefecture,JA8/KK-062,899,2949,142.7828,44.1702,142.7828,44.1702,6,3,01/07/2015,31/12/2099,0,,,Saddle-JA8/KK-062(JA8/KK-062),625.4,272.2,142.7613333,44.14844444,http://maps.gsi.go.jp/#15/44.1702/142.7828
JA8/KK-071,Japan - Hokaido,Kamikawa Subprefecture,JA8/KK-071,841,2759,142.7650,44.2069,142.7650,44.2069,4,3,01/07/2015,31/12/2099,0,,,Saddle-JA8/KK-071(JA8/KK-071),662.2,178.2,142.7574444,44.21455556,http://maps.gsi.go.jp/#15/44.2069/142.7650
(Missing)JA8/KK-072,Japan - Hokaido,Kamikawa Subprefecture,JA8/KK-072,839,2753,142.7472,44.2050,142.7472,44.2050,4,3,01/07/2015,31/12/2099,0,,,Saddle-JA8/KK-072(JA8/KK-072),693.2,141.1,142.7471111,44.18822222,http://maps.gsi.go.jp/#15/44.2050/142.7472
U-QN14ic87,Japan - ,,U-QN14ic87,822.0,2696.8,142.7358889,44.11655556,142.7358889,44.11655556,44.11655556,,,,,,,Saddle-U-QN14ic87,662.6,159.4,142.7376667,44.12177778,http://maps.gsi.go.jp/#15/44.11655556/142.7358889
JA8/OH-030,Japan - Hokaido,Okhotsk Subprefecture,JA8/OH-030,1031,3383,142.8986,44.1881,142.8986,44.1881,6,3,01/07/2015,31/12/2099,0,,,Saddle-JA8/OH-030(JA8/OH-030),831.3,199.4,142.8841111,44.18411111,http://maps.gsi.go.jp/#15/44.1881/142.8986
JA8/OH-059,Japan - Hokaido,Okhotsk Subprefecture,JA8/OH-059,762,2500,143.1556,43.8894,143.1556,43.8894,4,3,01/07/2015,31/12/2099,0,,,Saddle-JA8/OH-059(JA8/OH-059),605.5,156.3,143.1445556,43.89711111,http://maps.gsi.go.jp/#15/43.8894/143.1556
JA8/TC-106,Japan - Hokaido,Tokachi Subprefecture,JA8/TC-106,541,1775,142.8849,43.1696,142.8849,43.1696,2,0,01/07/2015,31/12/2099,0,,,Saddle-JA8/TC-106(JA8/TC-106),383.1,157.4,142.8753333,43.18122222,http://maps.gsi.go.jp/#15/43.1696/142.8849
JA8/TC-098,Japan - Hokaido,Tokachi Subprefecture,JA8/TC-098,708,2323,142.8219,43.2646,142.8219,43.2646,4,3,01/07/2015,31/12/2099,0,,,Saddle-JA8/TC-098(JA8/TC-098),521.6,186.0,142.8185556,43.27566667,http://maps.gsi.go.jp/#15/43.2646/142.8219
JA8/TC-093,Japan - Hokaido,Tokachi Subprefecture,JA8/TC-093,790,2592,142.8087,43.2531,142.8087,43.2531,4,3,01/07/2015,31/12/2099,0,,,Saddle-JA8/TC-093(JA8/TC-093),578.7,203.7,142.8034444,43.26488889,http://maps.gsi.go.jp/#15/43.2531/142.8087
JA8/TC-096,Japan - Hokaido,Tokachi Subprefecture,JA8/TC-096,772,2533,142.9071,43.2418,142.9071,43.2418,4,3,01/07/2015,31/12/2099,0,,,Saddle-JA8/TC-096(JA8/TC-096),583.3,186.8,142.8836667,43.27455555,http://maps.gsi.go.jp/#15/43.2418/142.9071
JA8/OH-031,Japan - Hokaido,Okhotsk Subprefecture,JA8/OH-031,1021,3350,142.9534,44,142.9534,44.0000,6,3,01/07/2015,31/12/2099,0,,,Saddle-JA8/OH-031(JA8/OH-031),706.8,313.6,142.9334444,43.99422222,http://maps.gsi.go.jp/#15/44/142.9534
JA8/TC-072,Japan - Hokaido,Tokachi Subprefecture,Sahorodake,1060,3478,142.7810,43.1734,142.7810,43.1734,6,3,01/07/2015,31/12/2099,0,,,Saddle-Sahorodake(JA8/TC-072),713.4,345.8,142.7371111,43.24511111,http://maps.gsi.go.jp/#15/43.1734/142.7810
JA8/TC-081,Japan - Hokaido,Tokachi Subprefecture,JA8/TC-081,1000,3281,142.8688,43.3272,142.8688,43.3272,6,3,01/07/2015,31/12/2099,0,,,Saddle-JA8/TC-081(JA8/TC-081),730.3,269.6,142.8486667,43.31811111,http://maps.gsi.go.jp/#15/43.3272/142.8688
U-QN13ki70,Japan - ,,U-QN13ki70,990.8,3250.6,142.8918889,43.33444444,142.8918889,43.33444444,43.33444444,,,,,,,Saddle-U-QN13ki70,732.0,258.8,142.8787778,43.32888889,http://maps.gsi.go.jp/#15/43.33444444/142.8918889
JA8/OH-040,Japan - Hokaido,Okhotsk Subprefecture,JA8/OH-040,950,3117,142.9503,44.0317,142.9503,44.0317,6,3,01/07/2015,31/12/2099,0,,,Saddle-JA8/OH-040(JA8/OH-040),743.5,208.2,142.9368889,44.04000000,http://maps.gsi.go.jp/#15/44.0317/142.9503
U-QN13kk55,Japan - ,,U-QN13kk55,912.1,2992.4,142.8775556,43.43900000,142.8775556,43.43900000,43.43900000,,,,,,,Saddle-U-QN13kk55,756.1,156.0,142.8735556,43.44300000,http://maps.gsi.go.jp/#15/43.43900000/142.8775556
JA8/KK-047,Japan - Hokaido,Kamikawa Subprefecture,JA8/KK-047,1027,3369,142.8259,43.8971,142.8259,43.8971,6,3,01/07/2015,31/12/2099,0,,,Saddle-JA8/KK-047(JA8/KK-047),783.5,240.8,142.8195556,43.90333333,http://maps.gsi.go.jp/#15/43.8971/142.8259
JA8/TC-064,Japan - Hokaido,Tokachi Subprefecture,JA8/TC-064,1094,3589,142.8384,43.3873,142.8384,43.3873,6,3,01/07/2015,31/12/2099,0,,,Saddle-JA8/TC-064(JA8/TC-064),826.8,266.1,142.8302222,43.36922222,http://maps.gsi.go.jp/#15/43.3873/142.8384
JA8/OH-004,Japan - Hokaido,Okhotsk Subprefecture,Teshiodake,1557,5108,142.888,43.9644,142.8880,43.9644,10,3,01/07/2015,31/12/2099,0,,,Saddle-Teshiodake(JA8/OH-004),838.9,717.8,143.0205556,43.88322222,http://maps.gsi.go.jp/#15/43.9644/142.888
JA8/OH-023,Japan - Hokaido,Okhotsk Subprefecture,JA8/OH-023,1101,3612,143.0153,43.9654,143.0153,43.9654,8,3,01/07/2015,31/12/2099,0,,,Saddle-JA8/OH-023(JA8/OH-023),861.8,239.3,143.0318889,43.95488889,http://maps.gsi.go.jp/#15/43.9654/143.0153
JA8/KK-048,Japan - Hokaido,Kamikawa Subprefecture,JA8/KK-048,1022,3353,142.8134,43.9901,142.8134,43.9901,6,3,01/07/2015,31/12/2099,0,,,Saddle-JA8/KK-048(JA8/KK-048),862.4,158.9,142.8230000,43.99833333,http://maps.gsi.go.jp/#15/43.9901/142.8134
JA8/OH-006,Japan - Hokaido,Okhotsk Subprefecture,Chitokaniushiyama,1446,4744,143.0485,43.9068,143.0485,43.9068,8,3,01/07/2015,31/12/2099,0,,,Saddle-Chitokaniushiyama(JA8/OH-006),871.1,572.6,142.9608889,43.93577778,http://maps.gsi.go.jp/#15/43.9068/143.0485
JA8/OH-018,Japan - Hokaido,Okhotsk Subprefecture,JA8/OH-018,1182,3878,143.1377,43.9182,143.1377,43.9182,8,3,01/07/2015,31/12/2099,0,,,Saddle-JA8/OH-018(JA8/OH-018),886.3,294.9,143.1383333,43.92722222,http://maps.gsi.go.jp/#15/43.9182/143.1377
JA8/OH-010,Japan - Hokaido,Okhotsk Subprefecture,JA8/OH-010,1306,4285,143.1256,44.0033,143.1256,44.0033,8,3,01/07/2015,31/12/2099,0,,,Saddle-JA8/OH-010(JA8/OH-010),1012.0,288.5,143.0941111,43.98088889,http://maps.gsi.go.jp/#15/44.0033/143.1256
U-QN13nw29,Japan - ,,U-QN13nw29,1267.4,4158.1,143.1003333,43.95511111,143.1003333,43.95511111,43.95511111,,,,,,,Saddle-U-QN13nw29,1087.7,179.7,143.0805556,43.93666667,http://maps.gsi.go.jp/#15/43.95511111/143.1003333
JA8/KK-039,Japan - Hokaido,Kamikawa Subprefecture,JA8/KK-039,1176,3858,142.7702,44.0096,142.7702,44.0096,8,3,01/07/2015,31/12/2099,0,,,Saddle-JA8/KK-039(JA8/KK-039),883.8,287.1,142.8261111,44.00522222,http://maps.gsi.go.jp/#15/44.0096/142.7702
JA8/KK-036,Japan - Hokaido,Kamikawa Subprefecture,JA8/KK-036,1217,3993,142.8303,43.9297,142.8303,43.9297,8,3,01/07/2015,31/12/2099,0,,,Saddle-JA8/KK-036(JA8/KK-036),1002.6,212.9,142.8393333,43.93500000,http://maps.gsi.go.jp/#15/43.9297/142.8303
JA8/OH-008,Japan - Hokaido,Okhotsk Subprefecture,Shokotsudake,1345,4413,142.9174,44.0404,142.9174,44.0404,8,3,01/07/2015,31/12/2099,0,,,Saddle-Shokotsudake(JA8/OH-008),1051.1,295.0,142.8731111,44.03488889,http://maps.gsi.go.jp/#15/44.0404/142.9174
JA8/KK-032,Japan - Hokaido,Kamikawa Subprefecture,JA8/KK-032,1290,4232,142.8781,44.0487,142.8781,44.0487,8,3,01/07/2015,31/12/2099,0,,,Saddle-JA8/KK-032(JA8/KK-032),1094.1,186.4,142.8848889,44.04022222,http://maps.gsi.go.jp/#15/44.0487/142.8781
JA8/KK-024,Japan - Hokaido,Kamikawa Subprefecture,JA8/KK-024,1540,5052,142.8868,43.9765,142.8868,43.9765,10,3,01/07/2015,31/12/2099,0,,,Saddle-JA8/KK-024(JA8/KK-024),1350.9,188.4,142.8906667,43.97166667,http://maps.gsi.go.jp/#15/43.9765/142.8868
JA8/TC-054,Japan - Hokaido,Tokachi Subprefecture,JA8/TC-054,1220,4003,143.2379,43.4165,143.2379,43.4165,8,3,01/07/2015,31/12/2099,0,,,Saddle-JA8/TC-054(JA8/TC-054),840.9,370.5,143.2146667,43.45500000,http://maps.gsi.go.jp/#15/43.4165/143.2379
JA8/TC-069,Japan - Hokaido,Tokachi Subprefecture,JA8/TC-069,1072,3517,143.2368,43.3870,143.2368,43.3870,6,3,01/07/2015,31/12/2099,0,,,Saddle-JA8/TC-069(JA8/TC-069),867.3,204.2,143.2428889,43.39566667,http://maps.gsi.go.jp/#15/43.3870/143.2368
JA8/TC-057,Japan - Hokaido,Tokachi Subprefecture,JA8/TC-057,1185,3888,143.2112,43.4492,143.2112,43.4492,8,3,01/07/2015,31/12/2099,0,,,Saddle-JA8/TC-057(JA8/TC-057),881.9,302.3,143.2348889,43.42711111,http://maps.gsi.go.jp/#15/43.4492/143.2112
JA8/TC-076,Japan - Hokaido,Tokachi Subprefecture,JA8/TC-076,1025,3363,143.1667,43.4556,143.1667,43.4556,6,3,01/07/2015,31/12/2099,0,,,Saddle-JA8/TC-076(JA8/TC-076),842.7,180.8,143.1852222,43.45711111,http://maps.gsi.go.jp/#15/43.4556/143.1667
JA8/TC-049,Japan - Hokaido,Tokachi Subprefecture,Higashinupukaushinupuri,1252,4108,143.1021,43.2458,143.1021,43.2458,8,3,01/07/2015,31/12/2099,0,,,Saddle-Higashinupukaushinupuri(JA8/TC-049),852.5,399.2,143.1446667,43.26811111,http://maps.gsi.go.jp/#15/43.2458/143.1021
JA8/TC-050,Japan - Hokaido,Tokachi Subprefecture,JA8/TC-050,1251,4104,143.0826,43.2556,143.0826,43.2556,8,3,01/07/2015,31/12/2099,0,,,Saddle-JA8/TC-050(JA8/TC-050),908.0,342.6,143.0932222,43.25300000,http://maps.gsi.go.jp/#15/43.2556/143.0826
U-QN13ng53,Japan - ,,U-QN13ng53,1178.1,3865.1,143.1285556,43.26600000,143.1285556,43.26600000,43.26600000,,,,,,,Saddle-U-QN13ng53,948.5,229.6,143.1210000,43.26122222,http://maps.gsi.go.jp/#15/43.26600000/143.1285556
(Missing)JA8/TC-058,Japan - Hokaido,Tokachi Subprefecture,JA8/TC-058,1174,3852,143.1250,43.2641,143.1250,43.2641,8,3,01/07/2015,31/12/2099,0,,,Saddle-JA8/TC-058(JA8/TC-058),1141.5,32.4,143.1264444,43.26522222,http://maps.gsi.go.jp/#15/43.2641/143.1250
JA8/TC-056,Japan - Hokaido,Tokachi Subprefecture,JA8/TC-056,1186,3891,143.1153,43.2588,143.1153,43.2588,8,3,01/07/2015,31/12/2099,0,,,Saddle-JA8/TC-056(JA8/TC-056),1003.8,186.9,143.0990000,43.25455555,http://maps.gsi.go.jp/#15/43.2588/143.1153
U-QN13ji83,Japan - ,,U-QN13ji83,1018.9,3342.8,142.8182222,43.34800000,142.8182222,43.34800000,43.34800000,,,,,,,Saddle-U-QN13ji83,868.3,150.6,142.7624444,43.35266667,http://maps.gsi.go.jp/#15/43.34800000/142.8182222
JA8/TC-074,Japan - Hokaido,Tokachi Subprefecture,JA8/TC-074,1057,3468,143.1469,43.4021,143.1469,43.4021,6,3,01/07/2015,31/12/2099,0,,,Saddle-JA8/TC-074(JA8/TC-074),897.8,158.0,143.1423333,43.39788889,http://maps.gsi.go.jp/#15/43.4021/143.1469
JA8/TC-059,Japan - Hokaido,Tokachi Subprefecture,JA8/TC-059,1166,3825,143.1313,43.4483,143.1313,43.4483,8,3,01/07/2015,31/12/2099,0,,,Saddle-JA8/TC-059(JA8/TC-059),922.2,240.0,143.1178889,43.45066667,http://maps.gsi.go.jp/#15/43.4483/143.1313
JA8/TC-067,Japan - Hokaido,Tokachi Subprefecture,JA8/TC-067,1084,3556,143.1720,43.4716,143.1720,43.4716,6,3,01/07/2015,31/12/2099,0,,,Saddle-JA8/TC-067(JA8/TC-067),923.3,160.1,143.1805556,43.47555555,http://maps.gsi.go.jp/#15/43.4716/143.1720
JA8/TC-041,Japan - Hokaido,Tokachi Subprefecture,JA8/TC-041,1310,4298,142.9849,43.2967,142.9849,43.2967,8,3,01/07/2015,31/12/2099,0,,,Saddle-JA8/TC-041(JA8/TC-041),942.7,368.1,143.0111111,43.33733333,http://maps.gsi.go.jp/#15/43.2967/142.9849
JA8/TC-046,Japan - Hokaido,Tokachi Subprefecture,JA8/TC-046,1264,4147,143.0097,43.3221,143.0097,43.3221,8,3,01/07/2015,31/12/2099,0,,,Saddle-JA8/TC-046(JA8/TC-046),1043.1,217.1,142.9913333,43.31544444,http://maps.gsi.go.jp/#15/43.3221/143.0097
JA8/TC-060,Japan - Hokaido,Tokachi Subprefecture,JA8/TC-060,1156,3793,142.9079,43.4000,142.9079,43.4000,8,3,01/07/2015,31/12/2099,0,,,Saddle-JA8/TC-060(JA8/TC-060),961.9,191.8,142.9200000,43.40533333,http://maps.gsi.go.jp/#15/43.4000/142.9079
JA8/TC-021,Japan - Hokaido,Tokachi Subprefecture,Nishikumaneshiridake,1635,5364,143.2333,43.5191,143.2333,43.5191,10,3,01/07/2015,31/12/2099,0,,,Saddle-Nishikumaneshiridake(JA8/TC-021),972.5,660.6,143.2101111,43.58188889,http://maps.gsi.go.jp/#15/43.5191/143.2333
JA8/TC-038,Japan - Hokaido,Tokachi Subprefecture,JA8/TC-038,1352,4436,143.2258,43.5623,143.2258,43.5623,8,3,01/07/2015,31/12/2099,0,,,Saddle-JA8/TC-038(JA8/TC-038),1153.5,200.3,143.2303333,43.54133333,http://maps.gsi.go.jp/#15/43.5623/143.2258
JA8/TC-026,Japan - Hokaido,Tokachi Subprefecture,JA8/TC-026,1560,5118,143.2449,43.4923,143.2449,43.4923,10,3,01/07/2015,31/12/2099,0,,,Saddle-JA8/TC-026(JA8/TC-026),1183.3,374.6,143.2352222,43.50477778,http://maps.gsi.go.jp/#15/43.4923/143.2449
JA8/TC-024,Japan - Hokaido,Tokachi Subprefecture,JA8/TC-024,1602,5256,143.2253,43.5278,143.2253,43.5278,10,3,01/07/2015,31/12/2099,0,,,Saddle-JA8/TC-024(JA8/TC-024),1412.0,189.0,143.2305556,43.52255555,http://maps.gsi.go.jp/#15/43.5278/143.2253
(Missing)JA8/TC-061,Japan - Hokaido,Tokachi Subprefecture,JA8/TC-061,1129,3704,143.0878,43.4260,143.0878,43.4260,8,3,01/07/2015,31/12/2099,0,,,Saddle-JA8/TC-061(JA8/TC-061),982.1,139.4,143.0832222,43.43366667,http://maps.gsi.go.jp/#15/43.4260/143.0878
JA8/KK-041,Japan - Hokaido,Kamikawa Subprefecture,JA8/KK-041,1154,3786,143.0882,43.6589,143.0882,43.6589,8,3,01/07/2015,31/12/2099,0,,,Saddle-JA8/KK-041(JA8/KK-041),991.0,162.7,143.1047778,43.66433333,http://maps.gsi.go.jp/#15/43.6589/143.0882
JA8/OH-017,Japan - Hokaido,Okhotsk Subprefecture,JA8/OH-017,1232,4042,143.2228,43.6038,143.2228,43.6038,8,3,01/07/2015,31/12/2099,0,,,Saddle-JA8/OH-017(JA8/OH-017),1008.1,224.0,143.2040000,43.60155555,http://maps.gsi.go.jp/#15/43.6038/143.2228
U-QN13nj73,Japan - ,,U-QN13nj73,1167.8,3831.3,143.1420000,43.39100000,143.1420000,43.39100000,43.39100000,,,,,,,Saddle-U-QN13nj73,1012.6,155.2,143.1367778,43.38822222,http://maps.gsi.go.jp/#15/43.39100000/143.1420000
U-QN13iq84,Japan - ,,U-QN13iq84,1247.0,4091.2,142.7402222,43.68500000,142.7402222,43.68500000,43.68500000,,,,,,,Saddle-U-QN13iq84,1017.8,229.2,142.7723333,43.69711111,http://maps.gsi.go.jp/#15/43.68500000/142.7402222
JA8/TC-039,Japan - Hokaido,Tokachi Subprefecture,JA8/TC-039,1332,4370,143.1487,43.2992,143.1487,43.2992,8,3,01/07/2015,31/12/2099,0,,,Saddle-JA8/TC-039(JA8/TC-039),1022.8,313.8,143.1705556,43.31922222,http://maps.gsi.go.jp/#15/43.2992/143.1487
JA8/KK-013,Japan - Hokaido,Kamikawa Subprefecture,Niseikaushyuppeyama,1883,6178,142.9853,43.7800,142.9853,43.7800,10,3,01/07/2015,31/12/2099,0,,,Saddle-Niseikaushyuppeyama(JA8/KK-013),1028.5,852.1,143.1683333,43.64933333,http://maps.gsi.go.jp/#15/43.7800/142.9853
JA8/OH-016,Japan - Hokaido,Okhotsk Subprefecture,JA8/OH-016,1233,4045,143.2207,43.8218,143.2207,43.8218,8,3,01/07/2015,31/12/2099,0,,,Saddle-JA8/OH-016(JA8/OH-016),1052.9,179.5,143.2114444,43.82000000,http://maps.gsi.go.jp/#15/43.8218/143.2207
JA8/KK-033,Japan - Hokaido,Kamikawa Subprefecture,JA8/KK-033,1253,4111,143.0662,43.6842,143.0662,43.6842,8,3,01/07/2015,31/12/2099,0,,,Saddle-JA8/KK-033(JA8/KK-033),1072.7,179.6,143.0903333,43.68877778,http://maps.gsi.go.jp/#15/43.6842/143.0662
JA8/OH-011,Japan - Hokaido,Okhotsk Subprefecture,JA8/OH-011,1291,4236,143.1826,43.8237,143.1826,43.8237,8,3,01/07/2015,31/12/2099,0,,,Saddle-JA8/OH-011(JA8/OH-011),1097.4,193.8,143.2005556,43.81811111,http://maps.gsi.go.jp/#15/43.8237/143.1826
JA8/KK-014,Japan - Hokaido,Kamikawa Subprefecture,Muriidake,1876,6155,143.1765,43.7329,143.1765,43.7329,10,3,01/07/2015,31/12/2099,0,,,Saddle-Muriidake(JA8/KK-014),1262.5,612.9,143.0584444,43.74600000,http://maps.gsi.go.jp/#15/43.7329/143.1765
JA8/KK-015,Japan - Hokaido,Kamikawa Subprefecture,JA8/KK-015,1793,5883,143.0592,43.7268,143.0592,43.7268,10,3,01/07/2015,31/12/2099,0,,,Saddle-JA8/KK-015(JA8/KK-015),1342.6,448.6,143.0943333,43.74300000,http://maps.gsi.go.jp/#15/43.7268/143.0592
JA8/KK-022,Japan - Hokaido,Kamikawa Subprefecture,JA8/KK-022,1630,5348,143.1174,43.7343,143.1174,43.7343,10,3,01/07/2015,31/12/2099,0,,,Saddle-JA8/KK-022(JA8/KK-022),1461.6,167.1,143.1315556,43.74611111,http://maps.gsi.go.jp/#15/43.7343/143.1174
JA8/KK-017,Japan - Hokaido,Kamikawa Subprefecture,Mukayama,1759,5771,143.1605,43.7057,143.1605,43.7057,10,3,01/07/2015,31/12/2099,0,,,Saddle-Mukayama(JA8/KK-017),1483.0,269.6,143.1683333,43.71677778,http://maps.gsi.go.jp/#15/43.7057/143.1605
JA8/KK-016,Japan - Hokaido,Kamikawa Subprefecture,JA8/KK-016,1760,5774,143.1605,43.7616,143.1605,43.7616,10,3,01/07/2015,31/12/2099,0,,,Saddle-JA8/KK-016(JA8/KK-016),1522.8,235.8,143.1691111,43.75444444,http://maps.gsi.go.jp/#15/43.7616/143.1605
JA8/OH-002,Japan - Hokaido,Okhotsk Subprefecture,JA8/OH-002,1635,5364,143.0467,43.8126,143.0467,43.8126,10,3,01/07/2015,31/12/2099,0,,,Saddle-JA8/OH-002(JA8/OH-002),1321.5,312.0,143.0258889,43.80500000,http://maps.gsi.go.jp/#15/43.8126/143.0467
U-QN13np55,Japan - ,,U-QN13np55,1188.7,3899.9,143.1314444,43.64655555,143.1314444,43.64655555,43.64655555,,,,,,,Saddle-U-QN13np55,1038.1,150.6,143.1460000,43.64111111,http://maps.gsi.go.jp/#15/43.64655555/143.1314444
JA8/TC-033,Japan - Hokaido,Tokachi Subprefecture,JA8/TC-033,1421,4662,143.0888,43.3175,143.0888,43.3175,8,3,01/07/2015,31/12/2099,0,,,Saddle-JA8/TC-033(JA8/TC-033),1038.6,381.4,143.1001111,43.32544444,http://maps.gsi.go.jp/#15/43.3175/143.0888
JA8/TC-044,Japan - Hokaido,Tokachi Subprefecture,JA8/TC-044,1280,4199,143.0589,43.2779,143.0589,43.2779,8,3,01/07/2015,31/12/2099,0,,,Saddle-JA8/TC-044(JA8/TC-044),1066.6,217.1,143.0668889,43.27833333,http://maps.gsi.go.jp/#15/43.2779/143.0589
JA8/TC-034,Japan - Hokaido,Tokachi Subprefecture,JA8/TC-034,1414,4639,143.0856,43.2932,143.0856,43.2932,8,3,01/07/2015,31/12/2099,0,,,Saddle-JA8/TC-034(JA8/TC-034),1153.2,259.9,143.0861111,43.30133333,http://maps.gsi.go.jp/#15/43.2932/143.0856
JA8/TC-035,Japan - Hokaido,Tokachi Subprefecture,JA8/TC-035,1365,4478,143.0822,43.2784,143.0822,43.2784,8,3,01/07/2015,31/12/2099,0,,,Saddle-JA8/TC-035(JA8/TC-035),1187.1,175.0,143.0864444,43.28822222,http://maps.gsi.go.jp/#15/43.2784/143.0822
JA8/TC-051,Japan - Hokaido,Tokachi Subprefecture,JA8/TC-051,1247,4091,142.9310,43.4362,142.9310,43.4362,8,3,01/07/2015,31/12/2099,0,,,Saddle-JA8/TC-051(JA8/TC-051),1043.4,198.3,142.9351111,43.42866667,http://maps.gsi.go.jp/#15/43.4362/142.9310
U-QN13mo88,Japan - ,,U-QN13mo88,1212.9,3979.3,143.0698889,43.61966667,143.0698889,43.61966667,43.61966667,,,,,,,Saddle-U-QN13mo88,1061.0,151.9,143.0948889,43.60966667,http://maps.gsi.go.jp/#15/43.61966667/143.0698889
U-QN13lk41,Japan - ,,U-QN13lk41,1264.0,4146.9,142.9511111,43.42377778,142.9511111,43.42377778,43.42377778,,,,,,,Saddle-U-QN13lk41,1077.3,186.7,142.9874444,43.44655555,http://maps.gsi.go.jp/#15/43.42377778/142.9511111
(Missing)JA8/TC-047,Japan - Hokaido,Tokachi Subprefecture,JA8/TC-047,1264,4147,142.9446,43.4248,142.9446,43.4248,8,3,01/07/2015,31/12/2099,0,,,Saddle-JA8/TC-047(JA8/TC-047),1192.8,70.4,142.9465556,43.42411111,http://maps.gsi.go.jp/#15/43.4248/142.9446
JA8/TC-052,Japan - Hokaido,Tokachi Subprefecture,JA8/TC-052,1240,4068,143.1686,43.3293,143.1686,43.3293,8,3,01/07/2015,31/12/2099,0,,,Saddle-JA8/TC-052(JA8/TC-052),1080.6,162.1,143.1603333,43.33800000,http://maps.gsi.go.jp/#15/43.3293/143.1686
JA8/KK-025,Japan - Hokaido,Kamikawa Subprefecture,JA8/KK-025,1460,4790,142.6321,43.3398,142.6321,43.3398,8,3,01/07/2015,31/12/2099,0,,,Saddle-JA8/KK-025(JA8/KK-025),1083.4,371.7,142.6523333,43.36000000,http://maps.gsi.go.jp/#15/43.3398/142.6321
JA8/TC-043,Japan - Hokaido,Tokachi Subprefecture,JA8/TC-043,1290,4232,143.1455,43.3501,143.1455,43.3501,8,3,01/07/2015,31/12/2099,0,,,Saddle-JA8/TC-043(JA8/TC-043),1087.2,206.0,143.1322222,43.35344444,http://maps.gsi.go.jp/#15/43.3501/143.1455
JA8/TC-036,Japan - Hokaido,Tokachi Subprefecture,JA8/TC-036,1355,4446,142.9767,43.4725,142.9767,43.4725,8,3,01/07/2015,31/12/2099,0,,,Saddle-JA8/TC-036(JA8/TC-036),1131.6,222.9,142.9922222,43.46233333,http://maps.gsi.go.jp/#15/43.4725/142.9767
JA8/TC-009,Japan - Hokaido,Tokachi Subprefecture,Upepesankeyama,1848,6063,143.0821,43.3895,143.0821,43.3895,10,3,01/07/2015,31/12/2099,0,,,Saddle-Upepesankeyama(JA8/TC-009),1207.0,640.2,143.0317778,43.40244444,http://maps.gsi.go.jp/#15/43.3895/143.0821
JA8/TC-020,Japan - Hokaido,Tokachi Subprefecture,JA8/TC-020,1666,5466,143.0455,43.3987,143.0455,43.3987,10,3,01/07/2015,31/12/2099,0,,,Saddle-JA8/TC-020(JA8/TC-020),1378.5,286.6,143.0573333,43.38511111,http://maps.gsi.go.jp/#15/43.3987/143.0455
JA8/KK-028,Japan - Hokaido,Kamikawa Subprefecture,JA8/KK-028,1410,4626,143.1301,43.6125,143.1301,43.6125,8,3,01/07/2015,31/12/2099,0,,,Saddle-JA8/KK-028(JA8/KK-028),1213.1,200.5,143.1358889,43.60500000,http://maps.gsi.go.jp/#15/43.6125/143.1301
JA8/KK-027,Japan - Hokaido,Kamikawa Subprefecture,JA8/KK-027,1436,4711,143.0732,43.5956,143.0732,43.5956,8,3,01/07/2015,31/12/2099,0,,,Saddle-JA8/KK-027(JA8/KK-027),1221.8,211.8,143.0858889,43.58977778,http://maps.gsi.go.jp/#15/43.5956/143.0732
JA8/KK-020,Japan - Hokaido,Kamikawa Subprefecture,JA8/KK-020,1668,5472,142.7195,43.3608,142.7195,43.3608,10,3,01/07/2015,31/12/2099,0,,,Saddle-JA8/KK-020(JA8/KK-020),1269.0,392.4,142.7141111,43.36933333,http://maps.gsi.go.jp/#15/43.3608/142.7195
U-QN13mj39,Japan - ,,U-QN13mj39,1691.6,5549.8,143.0290000,43.41611111,143.0290000,43.41611111,43.41611111,,,,,,,Saddle-U-QN13mj39,1270.6,421.0,143.0291111,43.43033333,http://maps.gsi.go.jp/#15/43.41611111/143.0290000
(Missing)JA8/TC-018,Japan - Hokaido,Tokachi Subprefecture,JA8/TC-018,1692,5551,143.0310,43.4175,143.0310,43.4175,10,3,01/07/2015,31/12/2099,0,,,Saddle-JA8/TC-018(JA8/TC-018),1677.3,13.8,143.0298889,43.41677778,http://maps.gsi.go.jp/#15/43.4175/143.0310
JA8/TC-002,Japan - Hokaido,Tokachi Subprefecture,Nipesotsuyama,2013,6604,143.0322,43.4560,143.0322,43.4560,10,3,01/07/2015,31/12/2099,0,,,Saddle-Nipesotsuyama(JA8/TC-002),1287.8,723.2,142.9864444,43.53366667,http://maps.gsi.go.jp/#15/43.4560/143.0322
U-QN13mn21,Japan - ,,U-QN13mn21,1963.9,6443.2,143.0230000,43.54877778,143.0230000,43.54877778,43.54877778,,,,,,,Saddle-U-QN13mn21,1312.3,651.6,143.0337778,43.48655555,http://maps.gsi.go.jp/#15/43.54877778/143.0230000
JA8/KK-018,Japan - Hokaido,Kamikawa Subprefecture,JA8/KK-018,1756,5761,143.0703,43.5645,143.0703,43.5645,10,3,01/07/2015,31/12/2099,0,,,Saddle-JA8/KK-018(JA8/KK-018),1531.3,224.0,143.0688889,43.56033333,http://maps.gsi.go.jp/#15/43.5645/143.0703
JA8/KK-010,Japan - Hokaido,Kamikawa Subprefecture,Otofukeyama,1932,6339,143.0353,43.5618,143.0353,43.5618,10,3,01/07/2015,31/12/2099,0,,,Saddle-Otofukeyama(JA8/KK-010),1742.7,188.1,143.0342222,43.55588889,http://maps.gsi.go.jp/#15/43.5618/143.0353
(Missing)JA8/KK-007,Japan - Hokaido,Kamikawa Subprefecture,Ishikaridake,1967,6453,143.0223,43.5465,143.0223,43.5465,10,3,01/07/2015,31/12/2099,0,,,Saddle-Ishikaridake(JA8/KK-007),1942.1,21.7,143.0226667,43.54733333,http://maps.gsi.go.jp/#15/43.5465/143.0223
JA8/TC-008,Japan - Hokaido,Tokachi Subprefecture,JA8/TC-008,1888,6194,143.0444,43.4702,143.0444,43.4702,10,3,01/07/2015,31/12/2099,0,,,Saddle-JA8/TC-008(JA8/TC-008),1722.5,162.2,143.0377778,43.46155555,http://maps.gsi.go.jp/#15/43.4702/143.0444
JA8/KK-023,Japan - Hokaido,Kamikawa Subprefecture,JA8/KK-023,1625,5331,142.6058,43.3818,142.6058,43.3818,10,3,01/07/2015,31/12/2099,0,,,Saddle-JA8/KK-023(JA8/KK-023),1359.2,265.3,142.6182222,43.38588889,http://maps.gsi.go.jp/#15/43.3818/142.6058
JA8/KK-005,Japan - Hokaido,Kamikawa Subprefecture,Tokachidake,2077,6814,142.6863,43.4178,142.6863,43.4178,10,3,01/07/2015,31/12/2099,0,,,Saddle-Tokachidake(JA8/KK-005),1404.6,671.8,142.7664444,43.48211111,http://maps.gsi.go.jp/#15/43.4178/142.6863
JA8/TC-003,Japan - Hokaido,Tokachi Subprefecture,Oputateshikeyama,2013,6604,142.7515,43.4702,142.7515,43.4702,10,3,01/07/2015,31/12/2099,0,,,Saddle-Oputateshikeyama(JA8/TC-003),1654.2,357.2,142.7230000,43.45222222,http://maps.gsi.go.jp/#15/43.4702/142.7515
(Missing)JA8/TC-011,Japan - Hokaido,Tokachi Subprefecture,JA8/TC-011,1837,6027,142.6933,43.3880,142.6933,43.3880,10,3,01/07/2015,31/12/2099,0,,,Saddle-JA8/TC-011(JA8/TC-011),1684.4,146.9,142.6883333,43.39155555,http://maps.gsi.go.jp/#15/43.3880/142.6933
JA8/KK-011,Japan - Hokaido,Kamikawa Subprefecture,Furanodake,1912,6273,142.6350,43.3937,142.6350,43.3937,10,3,01/07/2015,31/12/2099,0,,,Saddle-Furanodake(JA8/KK-011),1706.7,204.4,142.6433333,43.39511111,http://maps.gsi.go.jp/#15/43.3937/142.6350
JA8/KK-012,Japan - Hokaido,Kamikawa Subprefecture,JA8/KK-012,1888,6194,142.7136,43.4526,142.7136,43.4526,10,3,01/07/2015,31/12/2099,0,,,Saddle-JA8/KK-012(JA8/KK-012),1716.5,171.3,142.7127778,43.44700000,http://maps.gsi.go.jp/#15/43.4526/142.7136
JA8/KK-006,Japan - Hokaido,Kamikawa Subprefecture,Bieidake,2052,6732,142.7065,43.4399,142.7065,43.4399,10,3,01/07/2015,31/12/2099,0,,,Saddle-Bieidake(JA8/KK-006),1786.7,264.6,142.7027778,43.42822222,http://maps.gsi.go.jp/#15/43.4399/142.7065
JA8/TC-019,Japan - Hokaido,Tokachi Subprefecture,JA8/TC-019,1668,5472,142.7782,43.4942,142.7782,43.4942,10,3,01/07/2015,31/12/2099,0,,,Saddle-JA8/TC-019(JA8/TC-019),1483.8,184.1,142.7964444,43.50044444,http://maps.gsi.go.jp/#15/43.4942/142.7782
JA8/TC-017,Japan - Hokaido,Tokachi Subprefecture,JA8/TC-017,1708,5604,142.8107,43.5102,142.8107,43.5102,10,3,01/07/2015,31/12/2099,0,,,Saddle-JA8/TC-017(JA8/TC-017),1508.6,197.7,142.8148889,43.51688889,http://maps.gsi.go.jp/#15/43.5102/142.8107
JA8/TC-001,Japan - Hokaido,Tokachi Subprefecture,Tomuraushiyama,2141,7024,142.8488,43.5271,142.8488,43.5271,10,3,01/07/2015,31/12/2099,0,,,Saddle-Tomuraushiyama(JA8/TC-001),1702.0,438.5,142.8910000,43.57600000,http://maps.gsi.go.jp/#15/43.5271/142.8488
JA8/KK-009,Japan - Hokaido,Kamikawa Subprefecture,JA8/KK-009,1955,6414,142.8614,43.5653,142.8614,43.5653,10,3,01/07/2015,31/12/2099,0,,,Saddle-JA8/KK-009(JA8/KK-009),1790.9,161.6,142.8562222,43.55522222,http://maps.gsi.go.jp/#15/43.5653/142.8614
JA8/KK-008,Japan - Hokaido,Kamikawa Subprefecture,Chuubetsudake,1963,6440,142.8945,43.5911,142.8945,43.5911,10,3,01/07/2015,31/12/2099,0,,,Saddle-Chuubetsudake(JA8/KK-008),1713.9,248.4,142.9018889,43.62866667,http://maps.gsi.go.jp/#15/43.5911/142.8945
JA8/KK-004,Japan - Hokaido,Kamikawa Subprefecture,JA8/KK-004,2125,6972,142.8970,43.6982,142.8970,43.6982,10,3,01/07/2015,31/12/2099,0,,,Saddle-JA8/KK-004(JA8/KK-004),1962.1,162.2,142.8904444,43.69600000,http://maps.gsi.go.jp/#15/43.6982/142.8970
JA8/KK-002,Japan - Hokaido,Kamikawa Subprefecture,Taisetsuzan (Hokuchindake),2244,7362,142.8799,43.6928,142.8799,43.6928,10,3,01/07/2015,31/12/2099,0,,,Saddle-Taisetsuzan (Hokuchindake)(JA8/KK-002),2041.8,201.1,142.8740000,43.68177778,http://maps.gsi.go.jp/#15/43.6928/142.8799
JA8/KK-003,Japan - Hokaido,Kamikawa Subprefecture,Taisetsuzan (Hakuundake),2230,7316,142.9059,43.6612,142.9059,43.6612,10,3,01/07/2015,31/12/2099,0,,,Saddle-Taisetsuzan (Hakuundake)(JA8/KK-003),2058.4,169.5,142.9008889,43.67322222,http://maps.gsi.go.jp/#15/43.6612/142.9059
